,cand_nm,contb_receipt_dt_format,contb_receipt_amt
0,"Obama, Barack",2011-04-04 00:00:00,625305.12
1,"Obama, Barack",2011-04-05 00:00:00,306898.0
2,"Obama, Barack",2011-04-06 00:00:00,246242.59
3,"Obama, Barack",2011-04-07 00:00:00,250836.0
4,"Obama, Barack",2011-04-08 00:00:00,294102.0
5,"Obama, Barack",2011-04-09 00:00:00,105469.0
6,"Obama, Barack",2011-04-10 00:00:00,100373.0
7,"Obama, Barack",2011-04-11 00:00:00,359978.0
8,"Obama, Barack",2011-04-12 00:00:00,393624.45999999996
9,"Obama, Barack",2011-04-13 00:00:00,379438.33
10,"Obama, Barack",2011-04-14 00:00:00,303437.5
11,"Obama, Barack",2011-04-15 00:00:00,400247.0
12,"Obama, Barack",2011-04-16 00:00:00,82308.0
13,"Obama, Barack",2011-04-17 00:00:00,70802.0
14,"Obama, Barack",2011-04-18 00:00:00,492685.37
15,"Obama, Barack",2011-04-19 00:00:00,295374.0
16,"Obama, Barack",2011-04-20 00:00:00,307420.11
17,"Obama, Barack",2011-04-21 00:00:00,299598.0
18,"Obama, Barack",2011-04-22 00:00:00,284180.45
19,"Obama, Barack",2011-04-23 00:00:00,34829.0
20,"Obama, Barack",2011-04-24 00:00:00,36600.0
21,"Obama, Barack",2011-04-25 00:00:00,438522.0
22,"Obama, Barack",2011-04-26 00:00:00,588498.5
23,"Obama, Barack",2011-04-27 00:00:00,180720.0
24,"Obama, Barack",2011-04-28 00:00:00,661121.12
25,"Obama, Barack",2011-04-29 00:00:00,265480.0
26,"Obama, Barack",2011-04-30 00:00:00,95582.0
27,"Obama, Barack",2011-05-01 00:00:00,82644.0
28,"Obama, Barack",2011-05-02 00:00:00,378990.0
29,"Obama, Barack",2011-05-03 00:00:00,256619.11
30,"Obama, Barack",2011-05-04 00:00:00,193763.1
31,"Obama, Barack",2011-05-05 00:00:00,342198.0
32,"Obama, Barack",2011-05-06 00:00:00,345191.0
33,"Obama, Barack",2011-05-07 00:00:00,65078.0
34,"Obama, Barack",2011-05-08 00:00:00,104109.0
35,"Obama, Barack",2011-05-09 00:00:00,297529.0
36,"Obama, Barack",2011-05-10 00:00:00,298543.41
37,"Obama, Barack",2011-05-11 00:00:00,296747.88
38,"Obama, Barack",2011-05-12 00:00:00,246405.0
39,"Obama, Barack",2011-05-13 00:00:00,278259.12
40,"Obama, Barack",2011-05-14 00:00:00,118236.0
41,"Obama, Barack",2011-05-15 00:00:00,55005.0
42,"Obama, Barack",2011-05-16 00:00:00,270682.0
43,"Obama, Barack",2011-05-17 00:00:00,273444.0
44,"Obama, Barack",2011-05-18 00:00:00,309247.52
45,"Obama, Barack",2011-05-19 00:00:00,195551.0
46,"Obama, Barack",2011-05-20 00:00:00,259142.0
47,"Obama, Barack",2011-05-21 00:00:00,24559.0
48,"Obama, Barack",2011-05-22 00:00:00,29978.0
49,"Obama, Barack",2011-05-23 00:00:00,215905.12
50,"Obama, Barack",2011-05-24 00:00:00,151563.84
51,"Obama, Barack",2011-05-25 00:00:00,227401.03
52,"Obama, Barack",2011-05-26 00:00:00,145515.0
53,"Obama, Barack",2011-05-27 00:00:00,172311.0
54,"Obama, Barack",2011-05-28 00:00:00,36096.0
55,"Obama, Barack",2011-05-29 00:00:00,22123.0
56,"Obama, Barack",2011-05-30 00:00:00,30660.0
57,"Obama, Barack",2011-05-31 00:00:00,312263.66
58,"Obama, Barack",2011-06-01 00:00:00,143879.0
59,"Obama, Barack",2011-06-02 00:00:00,372358.0
60,"Obama, Barack",2011-06-03 00:00:00,289652.2
61,"Obama, Barack",2011-06-04 00:00:00,57635.0
62,"Obama, Barack",2011-06-05 00:00:00,51321.0
63,"Obama, Barack",2011-06-06 00:00:00,345956.0
64,"Obama, Barack",2011-06-07 00:00:00,444388.44
65,"Obama, Barack",2011-06-08 00:00:00,365410.0
66,"Obama, Barack",2011-06-09 00:00:00,377594.0
67,"Obama, Barack",2011-06-10 00:00:00,437946.31
68,"Obama, Barack",2011-06-11 00:00:00,118055.0
69,"Obama, Barack",2011-06-12 00:00:00,154584.0
70,"Obama, Barack",2011-06-13 00:00:00,382806.5
71,"Obama, Barack",2011-06-14 00:00:00,361424.0
72,"Obama, Barack",2011-06-15 00:00:00,697060.7000000001
73,"Obama, Barack",2011-06-16 00:00:00,647575.0
74,"Obama, Barack",2011-06-17 00:00:00,322441.0
75,"Obama, Barack",2011-06-18 00:00:00,82934.98999999999
76,"Obama, Barack",2011-06-19 00:00:00,106542.12
77,"Obama, Barack",2011-06-20 00:00:00,248922.0
78,"Obama, Barack",2011-06-21 00:00:00,432059.0
79,"Obama, Barack",2011-06-22 00:00:00,398085.0
80,"Obama, Barack",2011-06-23 00:00:00,321190.13
81,"Obama, Barack",2011-06-24 00:00:00,197142.0
82,"Obama, Barack",2011-06-25 00:00:00,97538.0
83,"Obama, Barack",2011-06-26 00:00:00,114423.0
84,"Obama, Barack",2011-06-27 00:00:00,341858.93
85,"Obama, Barack",2011-06-28 00:00:00,308661.55999999994
86,"Obama, Barack",2011-06-29 00:00:00,560073.4099999999
87,"Obama, Barack",2011-06-30 00:00:00,2069491.1800000002
88,"Obama, Barack",2011-07-01 00:00:00,165861.0
89,"Obama, Barack",2011-07-02 00:00:00,17105.0
90,"Obama, Barack",2011-07-03 00:00:00,5982.0
91,"Obama, Barack",2011-07-04 00:00:00,15538.0
92,"Obama, Barack",2011-07-05 00:00:00,89332.0
93,"Obama, Barack",2011-07-06 00:00:00,91920.73
94,"Obama, Barack",2011-07-07 00:00:00,86826.0
95,"Obama, Barack",2011-07-08 00:00:00,48138.0
96,"Obama, Barack",2011-07-09 00:00:00,7012.0
97,"Obama, Barack",2011-07-10 00:00:00,18306.0
98,"Obama, Barack",2011-07-11 00:00:00,133109.53999999998
99,"Obama, Barack",2011-07-12 00:00:00,131965.56
100,"Obama, Barack",2011-07-13 00:00:00,157857.88
101,"Obama, Barack",2011-07-14 00:00:00,150823.27
102,"Obama, Barack",2011-07-15 00:00:00,139179.85
103,"Obama, Barack",2011-07-16 00:00:00,31928.0
104,"Obama, Barack",2011-07-17 00:00:00,28380.0
105,"Obama, Barack",2011-07-18 00:00:00,116658.46
106,"Obama, Barack",2011-07-19 00:00:00,101425.12
107,"Obama, Barack",2011-07-20 00:00:00,193815.12
108,"Obama, Barack",2011-07-21 00:00:00,201601.11
109,"Obama, Barack",2011-07-22 00:00:00,215835.09
110,"Obama, Barack",2011-07-23 00:00:00,55758.0
111,"Obama, Barack",2011-07-24 00:00:00,21767.0
112,"Obama, Barack",2011-07-25 00:00:00,231673.15
113,"Obama, Barack",2011-07-26 00:00:00,217054.44
114,"Obama, Barack",2011-07-27 00:00:00,190064.28999999995
115,"Obama, Barack",2011-07-28 00:00:00,251637.56
116,"Obama, Barack",2011-07-29 00:00:00,169490.12
117,"Obama, Barack",2011-07-30 00:00:00,22729.0
118,"Obama, Barack",2011-07-31 00:00:00,20305.0
119,"Obama, Barack",2011-08-01 00:00:00,171281.0
120,"Obama, Barack",2011-08-02 00:00:00,163299.11
121,"Obama, Barack",2011-08-03 00:00:00,145428.02
122,"Obama, Barack",2011-08-04 00:00:00,592787.23
123,"Obama, Barack",2011-08-05 00:00:00,188130.12
124,"Obama, Barack",2011-08-06 00:00:00,18190.2
125,"Obama, Barack",2011-08-07 00:00:00,14510.3
126,"Obama, Barack",2011-08-08 00:00:00,199800.88
127,"Obama, Barack",2011-08-09 00:00:00,158120.0
128,"Obama, Barack",2011-08-10 00:00:00,147603.85
129,"Obama, Barack",2011-08-11 00:00:00,107139.12
130,"Obama, Barack",2011-08-12 00:00:00,142564.71000000002
131,"Obama, Barack",2011-08-13 00:00:00,13448.84
132,"Obama, Barack",2011-08-14 00:00:00,33246.0
133,"Obama, Barack",2011-08-15 00:00:00,180917.83000000002
134,"Obama, Barack",2011-08-16 00:00:00,155307.12
135,"Obama, Barack",2011-08-17 00:00:00,155581.44
136,"Obama, Barack",2011-08-18 00:00:00,111044.44
137,"Obama, Barack",2011-08-19 00:00:00,94467.0
138,"Obama, Barack",2011-08-20 00:00:00,13476.0
139,"Obama, Barack",2011-08-21 00:00:00,27489.4
140,"Obama, Barack",2011-08-22 00:00:00,142132.34
141,"Obama, Barack",2011-08-23 00:00:00,142889.24999999997
142,"Obama, Barack",2011-08-24 00:00:00,158346.11999999997
143,"Obama, Barack",2011-08-25 00:00:00,216217.37
144,"Obama, Barack",2011-08-26 00:00:00,240003.39
145,"Obama, Barack",2011-08-27 00:00:00,24266.0
146,"Obama, Barack",2011-08-28 00:00:00,45826.0
147,"Obama, Barack",2011-08-29 00:00:00,217294.5
148,"Obama, Barack",2011-08-30 00:00:00,86189.65000000001
149,"Obama, Barack",2011-08-31 00:00:00,363805.44
150,"Obama, Barack",2011-09-01 00:00:00,397181.62
151,"Obama, Barack",2011-09-02 00:00:00,135626.40999999997
152,"Obama, Barack",2011-09-03 00:00:00,45548.0
153,"Obama, Barack",2011-09-04 00:00:00,44191.0
154,"Obama, Barack",2011-09-05 00:00:00,57468.0
155,"Obama, Barack",2011-09-06 00:00:00,195971.37999999998
156,"Obama, Barack",2011-09-07 00:00:00,353707.17
157,"Obama, Barack",2011-09-08 00:00:00,438845.32
158,"Obama, Barack",2011-09-09 00:00:00,351583.62
159,"Obama, Barack",2011-09-10 00:00:00,139732.41
160,"Obama, Barack",2011-09-11 00:00:00,113883.0
161,"Obama, Barack",2011-09-12 00:00:00,409986.12
162,"Obama, Barack",2011-09-13 00:00:00,528403.03
163,"Obama, Barack",2011-09-14 00:00:00,605423.9500000001
164,"Obama, Barack",2011-09-15 00:00:00,402064.94
165,"Obama, Barack",2011-09-16 00:00:00,595732.0700000001
166,"Obama, Barack",2011-09-17 00:00:00,176259.02999999997
167,"Obama, Barack",2011-09-18 00:00:00,143150.12
168,"Obama, Barack",2011-09-19 00:00:00,568731.4
169,"Obama, Barack",2011-09-20 00:00:00,531671.03
170,"Obama, Barack",2011-09-21 00:00:00,474954.49
171,"Obama, Barack",2011-09-22 00:00:00,406868.1
172,"Obama, Barack",2011-09-23 00:00:00,444657.37
173,"Obama, Barack",2011-09-24 00:00:00,140060.0
174,"Obama, Barack",2011-09-25 00:00:00,109671.0
175,"Obama, Barack",2011-09-26 00:00:00,697661.4
176,"Obama, Barack",2011-09-27 00:00:00,1268851.4499999997
177,"Obama, Barack",2011-09-28 00:00:00,951208.4700000002
178,"Obama, Barack",2011-09-29 00:00:00,845479.76
179,"Obama, Barack",2011-09-30 00:00:00,3336617.2399999998
180,"Obama, Barack",2011-10-01 00:00:00,148672.0
181,"Obama, Barack",2011-10-02 00:00:00,60605.62
182,"Obama, Barack",2011-10-03 00:00:00,363061.02
183,"Obama, Barack",2011-10-04 00:00:00,102181.5
184,"Obama, Barack",2011-10-05 00:00:00,250159.55
185,"Obama, Barack",2011-10-06 00:00:00,210269.5
186,"Obama, Barack",2011-10-07 00:00:00,155132.79
187,"Obama, Barack",2011-10-08 00:00:00,38420.0
188,"Obama, Barack",2011-10-09 00:00:00,59981.0
189,"Obama, Barack",2011-10-10 00:00:00,90621.41
190,"Obama, Barack",2011-10-11 00:00:00,125639.01999999999
191,"Obama, Barack",2011-10-12 00:00:00,105866.57
192,"Obama, Barack",2011-10-13 00:00:00,261596.96
193,"Obama, Barack",2011-10-14 00:00:00,455715.74
194,"Obama, Barack",2011-10-15 00:00:00,70263.0
195,"Obama, Barack",2011-10-16 00:00:00,74571.98999999999
196,"Obama, Barack",2011-10-17 00:00:00,449349.01999999996
197,"Obama, Barack",2011-10-18 00:00:00,343257.52
198,"Obama, Barack",2011-10-19 00:00:00,205845.49
199,"Obama, Barack",2011-10-20 00:00:00,298937.9
200,"Obama, Barack",2011-10-21 00:00:00,343185.61
201,"Obama, Barack",2011-10-22 00:00:00,54353.0
202,"Obama, Barack",2011-10-23 00:00:00,68361.0
203,"Obama, Barack",2011-10-24 00:00:00,215391.12
204,"Obama, Barack",2011-10-25 00:00:00,155106.47
205,"Obama, Barack",2011-10-26 00:00:00,170180.90000000002
206,"Obama, Barack",2011-10-27 00:00:00,278388.63
207,"Obama, Barack",2011-10-28 00:00:00,249152.49
208,"Obama, Barack",2011-10-29 00:00:00,65850.5
209,"Obama, Barack",2011-10-30 00:00:00,45676.75
210,"Obama, Barack",2011-10-31 00:00:00,204746.87
211,"Obama, Barack",2011-11-01 00:00:00,122514.87
212,"Obama, Barack",2011-11-02 00:00:00,146833.81
213,"Obama, Barack",2011-11-03 00:00:00,119254.56
214,"Obama, Barack",2011-11-04 00:00:00,131885.27999999997
215,"Obama, Barack",2011-11-05 00:00:00,32204.25
216,"Obama, Barack",2011-11-06 00:00:00,54774.01
217,"Obama, Barack",2011-11-07 00:00:00,196566.99
218,"Obama, Barack",2011-11-08 00:00:00,214677.45000000004
219,"Obama, Barack",2011-11-09 00:00:00,159724.07
220,"Obama, Barack",2011-11-10 00:00:00,185591.91000000003
221,"Obama, Barack",2011-11-11 00:00:00,33801.1
222,"Obama, Barack",2011-11-12 00:00:00,23931.71
223,"Obama, Barack",2011-11-13 00:00:00,33558.36
224,"Obama, Barack",2011-11-14 00:00:00,152450.05
225,"Obama, Barack",2011-11-15 00:00:00,145389.8
226,"Obama, Barack",2011-11-16 00:00:00,156278.44
227,"Obama, Barack",2011-11-17 00:00:00,144163.22000000003
228,"Obama, Barack",2011-11-18 00:00:00,232977.91999999998
229,"Obama, Barack",2011-11-19 00:00:00,138121.27000000002
230,"Obama, Barack",2011-11-20 00:00:00,84667.15
231,"Obama, Barack",2011-11-21 00:00:00,297264.74
232,"Obama, Barack",2011-11-22 00:00:00,447132.23000000004
233,"Obama, Barack",2011-11-23 00:00:00,306981.56000000006
234,"Obama, Barack",2011-11-24 00:00:00,29254.2
235,"Obama, Barack",2011-11-25 00:00:00,86699.09999999999
236,"Obama, Barack",2011-11-26 00:00:00,45441.350000000006
237,"Obama, Barack",2011-11-27 00:00:00,72980.75
238,"Obama, Barack",2011-11-28 00:00:00,511986.43000000005
239,"Obama, Barack",2011-11-29 00:00:00,202539.71
240,"Obama, Barack",2011-11-30 00:00:00,514826.52
241,"Obama, Barack",2011-12-01 00:00:00,648932.82
242,"Obama, Barack",2011-12-02 00:00:00,215531.96
243,"Obama, Barack",2011-12-03 00:00:00,81229.01999999999
244,"Obama, Barack",2011-12-04 00:00:00,72735.1
245,"Obama, Barack",2011-12-05 00:00:00,261319.69999999998
246,"Obama, Barack",2011-12-06 00:00:00,236218.30000000002
247,"Obama, Barack",2011-12-07 00:00:00,331963.7699999999
248,"Obama, Barack",2011-12-08 00:00:00,229014.74000000005
249,"Obama, Barack",2011-12-09 00:00:00,294768.3
250,"Obama, Barack",2011-12-10 00:00:00,91922.56
251,"Obama, Barack",2011-12-11 00:00:00,83006.66
252,"Obama, Barack",2011-12-12 00:00:00,457236.84
253,"Obama, Barack",2011-12-13 00:00:00,261084.35
254,"Obama, Barack",2011-12-14 00:00:00,298163.65
255,"Obama, Barack",2011-12-15 00:00:00,297731.55000000005
256,"Obama, Barack",2011-12-16 00:00:00,316418.41000000003
257,"Obama, Barack",2011-12-17 00:00:00,46860.299999999996
258,"Obama, Barack",2011-12-18 00:00:00,58232.329999999994
259,"Obama, Barack",2011-12-19 00:00:00,360813.28
260,"Obama, Barack",2011-12-20 00:00:00,384754.41
261,"Obama, Barack",2011-12-21 00:00:00,374192.96
262,"Obama, Barack",2011-12-22 00:00:00,470012.16
263,"Obama, Barack",2011-12-23 00:00:00,303819.73
264,"Obama, Barack",2011-12-24 00:00:00,44850.75
265,"Obama, Barack",2011-12-25 00:00:00,34264.5
266,"Obama, Barack",2011-12-26 00:00:00,130368.94999999997
267,"Obama, Barack",2011-12-27 00:00:00,508258.67000000004
268,"Obama, Barack",2011-12-28 00:00:00,595656.4800000001
269,"Obama, Barack",2011-12-29 00:00:00,649731.5499999999
270,"Obama, Barack",2011-12-30 00:00:00,1557421.4500000007
271,"Obama, Barack",2011-12-31 00:00:00,3548962.5700000026
272,"Obama, Barack",2012-01-01 00:00:00,56606.799999999996
273,"Obama, Barack",2012-01-02 00:00:00,89743.59999999999
274,"Obama, Barack",2012-01-03 00:00:00,86760.97
275,"Obama, Barack",2012-01-04 00:00:00,166112.24
276,"Obama, Barack",2012-01-05 00:00:00,197624.86000000002
277,"Obama, Barack",2012-01-06 00:00:00,138822.95
278,"Obama, Barack",2012-01-07 00:00:00,90786.12
279,"Obama, Barack",2012-01-08 00:00:00,81458.0
280,"Obama, Barack",2012-01-09 00:00:00,206996.99
281,"Obama, Barack",2012-01-10 00:00:00,191988.12
282,"Obama, Barack",2012-01-11 00:00:00,180923.52000000002
283,"Obama, Barack",2012-01-12 00:00:00,460952.53
284,"Obama, Barack",2012-01-13 00:00:00,377117.98
285,"Obama, Barack",2012-01-14 00:00:00,81687.8
286,"Obama, Barack",2012-01-15 00:00:00,72858.5
287,"Obama, Barack",2012-01-16 00:00:00,115863.21
288,"Obama, Barack",2012-01-17 00:00:00,293796.61
289,"Obama, Barack",2012-01-18 00:00:00,218902.47
290,"Obama, Barack",2012-01-19 00:00:00,275532.88
291,"Obama, Barack",2012-01-20 00:00:00,244460.57
292,"Obama, Barack",2012-01-21 00:00:00,13330.5
293,"Obama, Barack",2012-01-22 00:00:00,67044.23000000001
294,"Obama, Barack",2012-01-23 00:00:00,336710.07
295,"Obama, Barack",2012-01-24 00:00:00,458489.23
296,"Obama, Barack",2012-01-25 00:00:00,439790.32
297,"Obama, Barack",2012-01-26 00:00:00,449753.9400000001
298,"Obama, Barack",2012-01-27 00:00:00,305135.47000000003
299,"Obama, Barack",2012-01-28 00:00:00,235042.84999999998
300,"Obama, Barack",2012-01-29 00:00:00,93417.0
301,"Obama, Barack",2012-01-30 00:00:00,434155.72
302,"Obama, Barack",2012-01-31 00:00:00,1416664.3199999998
303,"Obama, Barack",2012-02-01 00:00:00,652183.9400000001
304,"Obama, Barack",2012-02-02 00:00:00,591113.1699999999
305,"Obama, Barack",2012-02-03 00:00:00,477873.65
306,"Obama, Barack",2012-02-04 00:00:00,190315.4
307,"Obama, Barack",2012-02-05 00:00:00,116254.75
308,"Obama, Barack",2012-02-06 00:00:00,580693.1
309,"Obama, Barack",2012-02-07 00:00:00,505706.43
310,"Obama, Barack",2012-02-08 00:00:00,514064.94
311,"Obama, Barack",2012-02-09 00:00:00,562684.4299999999
312,"Obama, Barack",2012-02-10 00:00:00,669703.67
313,"Obama, Barack",2012-02-11 00:00:00,202378.06
314,"Obama, Barack",2012-02-12 00:00:00,121944.86000000002
315,"Obama, Barack",2012-02-13 00:00:00,435098.31
316,"Obama, Barack",2012-02-14 00:00:00,325820.3499999999
317,"Obama, Barack",2012-02-15 00:00:00,540497.26
318,"Obama, Barack",2012-02-16 00:00:00,340960.48
319,"Obama, Barack",2012-02-17 00:00:00,695510.92
320,"Obama, Barack",2012-02-18 00:00:00,150033.34
321,"Obama, Barack",2012-02-19 00:00:00,119051.14
322,"Obama, Barack",2012-02-20 00:00:00,280290.02
323,"Obama, Barack",2012-02-21 00:00:00,937998.85
324,"Obama, Barack",2012-02-22 00:00:00,691212.71
325,"Obama, Barack",2012-02-23 00:00:00,474597.3300000001
326,"Obama, Barack",2012-02-24 00:00:00,723765.13
327,"Obama, Barack",2012-02-25 00:00:00,251306.81
328,"Obama, Barack",2012-02-26 00:00:00,204921.56999999995
329,"Obama, Barack",2012-02-27 00:00:00,591611.0399999999
330,"Obama, Barack",2012-02-28 00:00:00,556608.65
331,"Obama, Barack",2012-02-29 00:00:00,2983158.5300000003
332,"Obama, Barack",2012-03-01 00:00:00,437924.99
333,"Obama, Barack",2012-03-02 00:00:00,446198.23000000004
334,"Obama, Barack",2012-03-03 00:00:00,294716.94999999995
335,"Obama, Barack",2012-03-04 00:00:00,170020.0
336,"Obama, Barack",2012-03-05 00:00:00,375620.66000000003
337,"Obama, Barack",2012-03-06 00:00:00,642655.2999999999
338,"Obama, Barack",2012-03-07 00:00:00,494100.54
339,"Obama, Barack",2012-03-08 00:00:00,635032.45
340,"Obama, Barack",2012-03-09 00:00:00,465769.15
341,"Obama, Barack",2012-03-10 00:00:00,165017.91
342,"Obama, Barack",2012-03-11 00:00:00,236297.25000000003
343,"Obama, Barack",2012-03-12 00:00:00,658719.12
344,"Obama, Barack",2012-03-13 00:00:00,625747.9600000001
345,"Obama, Barack",2012-03-14 00:00:00,479203.86000000004
346,"Obama, Barack",2012-03-15 00:00:00,607359.3099999999
347,"Obama, Barack",2012-03-16 00:00:00,655341.26
348,"Obama, Barack",2012-03-17 00:00:00,160789.13
349,"Obama, Barack",2012-03-18 00:00:00,294048.25
350,"Obama, Barack",2012-03-19 00:00:00,423357.67
351,"Obama, Barack",2012-03-20 00:00:00,464815.34
352,"Obama, Barack",2012-03-21 00:00:00,472630.43
353,"Obama, Barack",2012-03-22 00:00:00,548905.1599999999
354,"Obama, Barack",2012-03-23 00:00:00,413114.48
355,"Obama, Barack",2012-03-24 00:00:00,180954.08
356,"Obama, Barack",2012-03-25 00:00:00,176519.95
357,"Obama, Barack",2012-03-26 00:00:00,798664.3900000004
358,"Obama, Barack",2012-03-27 00:00:00,1015542.4000000001
359,"Obama, Barack",2012-03-28 00:00:00,1109949.6
360,"Obama, Barack",2012-03-29 00:00:00,1085869.6900000004
361,"Obama, Barack",2012-03-30 00:00:00,1874801.1400000001
362,"Obama, Barack",2012-03-31 00:00:00,4069720.04
363,"Obama, Barack",2012-04-01 00:00:00,203095.05000000002
364,"Obama, Barack",2012-04-02 00:00:00,279790.87
365,"Obama, Barack",2012-04-03 00:00:00,267921.24
366,"Obama, Barack",2012-04-04 00:00:00,240107.12999999998
367,"Obama, Barack",2012-04-05 00:00:00,428511.46
368,"Obama, Barack",2012-04-06 00:00:00,387553.18000000005
369,"Obama, Barack",2012-04-07 00:00:00,105830.52
370,"Obama, Barack",2012-04-08 00:00:00,100355.94
371,"Obama, Barack",2012-04-09 00:00:00,409336.92999999993
372,"Obama, Barack",2012-04-10 00:00:00,343677.18
373,"Obama, Barack",2012-04-11 00:00:00,405734.88
374,"Obama, Barack",2012-04-12 00:00:00,406260.82999999996
375,"Obama, Barack",2012-04-13 00:00:00,593690.31
376,"Obama, Barack",2012-04-14 00:00:00,157504.72999999998
377,"Obama, Barack",2012-04-15 00:00:00,132437.95
378,"Obama, Barack",2012-04-16 00:00:00,469047.14999999997
379,"Obama, Barack",2012-04-17 00:00:00,376669.32
380,"Obama, Barack",2012-04-18 00:00:00,342695.0
381,"Obama, Barack",2012-04-19 00:00:00,678395.4900000001
382,"Obama, Barack",2012-04-20 00:00:00,639675.85
383,"Obama, Barack",2012-04-21 00:00:00,323931.43
384,"Obama, Barack",2012-04-22 00:00:00,210114.49
385,"Obama, Barack",2012-04-23 00:00:00,765736.52
386,"Obama, Barack",2012-04-24 00:00:00,886617.4500000001
387,"Obama, Barack",2012-04-25 00:00:00,696186.7
388,"Obama, Barack",2012-04-26 00:00:00,535320.3800000001
389,"Obama, Barack",2012-04-27 00:00:00,742063.01
390,"Obama, Barack",2012-04-28 00:00:00,484560.83999999997
391,"Obama, Barack",2012-04-29 00:00:00,345019.68999999994
392,"Obama, Barack",2012-04-30 00:00:00,3487058.5000000005
393,"Obama, Barack",2012-05-01 00:00:00,198991.97999999998
394,"Obama, Barack",2012-05-02 00:00:00,181038.39999999997
395,"Obama, Barack",2012-05-03 00:00:00,159815.43
396,"Obama, Barack",2012-05-04 00:00:00,373878.82999999996
397,"Obama, Barack",2012-05-05 00:00:00,244023.33000000002
398,"Obama, Barack",2012-05-06 00:00:00,232337.32000000004
399,"Obama, Barack",2012-05-07 00:00:00,467562.63
400,"Obama, Barack",2012-05-08 00:00:00,509243.95
401,"Obama, Barack",2012-05-09 00:00:00,2210031.81
402,"Obama, Barack",2012-05-10 00:00:00,2128899.79
403,"Obama, Barack",2012-05-11 00:00:00,955202.57
404,"Obama, Barack",2012-05-12 00:00:00,276734.97
405,"Obama, Barack",2012-05-13 00:00:00,237002.43
406,"Obama, Barack",2012-05-14 00:00:00,600565.4899999999
407,"Obama, Barack",2012-05-15 00:00:00,953174.03
408,"Obama, Barack",2012-05-16 00:00:00,686628.96
409,"Obama, Barack",2012-05-17 00:00:00,781164.0999999999
410,"Obama, Barack",2012-05-18 00:00:00,936600.49
411,"Obama, Barack",2012-05-19 00:00:00,340174.29000000004
412,"Obama, Barack",2012-05-20 00:00:00,210001.32
413,"Obama, Barack",2012-05-21 00:00:00,1142570.0
414,"Obama, Barack",2012-05-22 00:00:00,967481.8099999999
415,"Obama, Barack",2012-05-23 00:00:00,766089.3400000001
416,"Obama, Barack",2012-05-24 00:00:00,933055.07
417,"Obama, Barack",2012-05-25 00:00:00,951872.81
418,"Obama, Barack",2012-05-26 00:00:00,263855.48
419,"Obama, Barack",2012-05-27 00:00:00,163889.49
420,"Obama, Barack",2012-05-28 00:00:00,334831.8599999999
421,"Obama, Barack",2012-05-29 00:00:00,936671.4199999999
422,"Obama, Barack",2012-05-30 00:00:00,1301702.6199999999
423,"Obama, Barack",2012-05-31 00:00:00,4469616.500000001
424,"Obama, Barack",2012-06-01 00:00:00,1082060.9699999997
425,"Obama, Barack",2012-06-02 00:00:00,193734.5
426,"Obama, Barack",2012-06-03 00:00:00,287032.37
427,"Obama, Barack",2012-06-04 00:00:00,921070.3200000001
428,"Obama, Barack",2012-06-05 00:00:00,513185.26
429,"Obama, Barack",2012-06-06 00:00:00,815387.75
430,"Obama, Barack",2012-06-07 00:00:00,770558.4299999999
431,"Obama, Barack",2012-06-08 00:00:00,898653.62
432,"Obama, Barack",2012-06-09 00:00:00,275903.01999999996
433,"Obama, Barack",2012-06-10 00:00:00,182437.00000000003
434,"Obama, Barack",2012-06-11 00:00:00,924163.94
435,"Obama, Barack",2012-06-12 00:00:00,807588.5500000002
436,"Obama, Barack",2012-06-13 00:00:00,1158239.0099999998
437,"Obama, Barack",2012-06-14 00:00:00,642031.95
438,"Obama, Barack",2012-06-15 00:00:00,705952.5599999998
439,"Obama, Barack",2012-06-16 00:00:00,319951.02
440,"Obama, Barack",2012-06-17 00:00:00,392711.86
441,"Obama, Barack",2012-06-18 00:00:00,774498.07
442,"Obama, Barack",2012-06-19 00:00:00,480904.12
443,"Obama, Barack",2012-06-20 00:00:00,843298.4299999999
444,"Obama, Barack",2012-06-21 00:00:00,2451733.98
445,"Obama, Barack",2012-06-22 00:00:00,504716.3600000001
446,"Obama, Barack",2012-06-23 00:00:00,413603.06
447,"Obama, Barack",2012-06-24 00:00:00,530908.7200000001
448,"Obama, Barack",2012-06-25 00:00:00,2746991.24
449,"Obama, Barack",2012-06-26 00:00:00,2717251.08
450,"Obama, Barack",2012-06-27 00:00:00,1354878.2400000002
451,"Obama, Barack",2012-06-28 00:00:00,2983055.93
452,"Obama, Barack",2012-06-29 00:00:00,2476668.1699999995
453,"Obama, Barack",2012-06-30 00:00:00,6946414.690000001
454,"Obama, Barack",2012-07-01 00:00:00,735038.1399999999
455,"Obama, Barack",2012-07-02 00:00:00,749401.65
456,"Obama, Barack",2012-07-03 00:00:00,799052.25
457,"Obama, Barack",2012-07-04 00:00:00,245443.83000000002
458,"Obama, Barack",2012-07-05 00:00:00,934657.04
459,"Obama, Barack",2012-07-06 00:00:00,913038.2600000001
460,"Obama, Barack",2012-07-07 00:00:00,674441.5
461,"Obama, Barack",2012-07-08 00:00:00,347914.82
462,"Obama, Barack",2012-07-09 00:00:00,1228905.1700000002
463,"Obama, Barack",2012-07-10 00:00:00,2167140.05
464,"Obama, Barack",2012-07-11 00:00:00,1039669.6800000002
465,"Obama, Barack",2012-07-12 00:00:00,762998.5
466,"Obama, Barack",2012-07-13 00:00:00,1409956.33
467,"Obama, Barack",2012-07-14 00:00:00,453885.95
468,"Obama, Barack",2012-07-15 00:00:00,440306.94
469,"Obama, Barack",2012-07-16 00:00:00,1432100.8499999999
470,"Obama, Barack",2012-07-17 00:00:00,1522556.4800000002
471,"Obama, Barack",2012-07-18 00:00:00,1639715.6700000002
472,"Obama, Barack",2012-07-19 00:00:00,1264097.8599999996
473,"Obama, Barack",2012-07-20 00:00:00,632244.9299999999
474,"Obama, Barack",2012-07-21 00:00:00,401992.14999999997
475,"Obama, Barack",2012-07-22 00:00:00,299553.44
476,"Obama, Barack",2012-07-23 00:00:00,1012828.0
477,"Obama, Barack",2012-07-24 00:00:00,1167684.2600000002
478,"Obama, Barack",2012-07-25 00:00:00,1051168.42
479,"Obama, Barack",2012-07-26 00:00:00,2085321.3300000003
480,"Obama, Barack",2012-07-27 00:00:00,1454048.83
481,"Obama, Barack",2012-07-28 00:00:00,868776.5199999999
482,"Obama, Barack",2012-07-29 00:00:00,689039.85
483,"Obama, Barack",2012-07-30 00:00:00,2321151.020000001
484,"Obama, Barack",2012-07-31 00:00:00,7257465.13
485,"Obama, Barack",2012-08-01 00:00:00,1812853.2200000007
486,"Obama, Barack",2012-08-02 00:00:00,919010.87
487,"Obama, Barack",2012-08-03 00:00:00,939593.7000000002
488,"Obama, Barack",2012-08-04 00:00:00,718171.4699999999
489,"Obama, Barack",2012-08-05 00:00:00,614826.3400000001
490,"Obama, Barack",2012-08-06 00:00:00,1477514.8300000005
491,"Obama, Barack",2012-08-07 00:00:00,1647803.2300000002
492,"Obama, Barack",2012-08-08 00:00:00,2803712.57
493,"Obama, Barack",2012-08-09 00:00:00,1433175.15
494,"Obama, Barack",2012-08-10 00:00:00,1492150.8099999998
495,"Obama, Barack",2012-08-11 00:00:00,1381606.77
496,"Obama, Barack",2012-08-12 00:00:00,804668.34
497,"Obama, Barack",2012-08-13 00:00:00,1551617.5600000003
498,"Obama, Barack",2012-08-14 00:00:00,1238095.5100000002
499,"Obama, Barack",2012-08-15 00:00:00,1177783.51
500,"Obama, Barack",2012-08-16 00:00:00,1752257.44
501,"Obama, Barack",2012-08-17 00:00:00,2099784.98
502,"Obama, Barack",2012-08-18 00:00:00,918156.4200000002
503,"Obama, Barack",2012-08-19 00:00:00,777393.6599999999
504,"Obama, Barack",2012-08-20 00:00:00,1667474.6900000006
505,"Obama, Barack",2012-08-21 00:00:00,2840607.0100000007
506,"Obama, Barack",2012-08-22 00:00:00,1549191.6800000004
507,"Obama, Barack",2012-08-23 00:00:00,2818575.54
508,"Obama, Barack",2012-08-24 00:00:00,2260434.57
509,"Obama, Barack",2012-08-25 00:00:00,956660.2999999999
510,"Obama, Barack",2012-08-26 00:00:00,1233488.3199999998
511,"Obama, Barack",2012-08-27 00:00:00,2359039.5000000014
512,"Obama, Barack",2012-08-28 00:00:00,2219451.1500000004
513,"Obama, Barack",2012-08-29 00:00:00,2782880.8300000005
514,"Obama, Barack",2012-08-30 00:00:00,4007883.040000001
515,"Obama, Barack",2012-08-31 00:00:00,20272476.009999994
516,"Obama, Barack",2012-09-01 00:00:00,1936507.1800000006
517,"Obama, Barack",2012-09-02 00:00:00,1301163.4200000009
518,"Obama, Barack",2012-09-03 00:00:00,1497345.270000003
519,"Obama, Barack",2012-09-04 00:00:00,2792256.0700000036
520,"Obama, Barack",2012-09-05 00:00:00,4295816.010000002
521,"Obama, Barack",2012-09-06 00:00:00,9757152.119999995
522,"Obama, Barack",2012-09-07 00:00:00,5999805.709999999
523,"Obama, Barack",2012-09-08 00:00:00,1701993.720000002
524,"Obama, Barack",2012-09-09 00:00:00,1313964.76
525,"Obama, Barack",2012-09-10 00:00:00,3004454.6300000013
526,"Obama, Barack",2012-09-11 00:00:00,2268663.99
527,"Obama, Barack",2012-09-12 00:00:00,1890329.37
528,"Obama, Barack",2012-09-13 00:00:00,3220181.2600000016
529,"Obama, Barack",2012-09-14 00:00:00,1884614.2600000007
530,"Obama, Barack",2012-09-15 00:00:00,1020172.7800000001
531,"Obama, Barack",2012-09-16 00:00:00,1074544.9499999993
532,"Obama, Barack",2012-09-17 00:00:00,3053728.950000001
533,"Obama, Barack",2012-09-18 00:00:00,3835187.8100000005
534,"Obama, Barack",2012-09-19 00:00:00,2963335.750000001
535,"Obama, Barack",2012-09-20 00:00:00,3193085.5500000007
536,"Obama, Barack",2012-09-21 00:00:00,3203336.640000002
537,"Obama, Barack",2012-09-22 00:00:00,1111914.21
538,"Obama, Barack",2012-09-23 00:00:00,1198657.8600000003
539,"Obama, Barack",2012-09-24 00:00:00,3402544.4100000015
540,"Obama, Barack",2012-09-25 00:00:00,4471437.250000001
541,"Obama, Barack",2012-09-26 00:00:00,2599327.370000001
542,"Obama, Barack",2012-09-27 00:00:00,3648939.900000001
543,"Obama, Barack",2012-09-28 00:00:00,24038279.660000045
544,"Obama, Barack",2012-09-29 00:00:00,2920497.2400000007
545,"Obama, Barack",2012-09-30 00:00:00,6354304.139999978
546,"Obama, Barack",2012-10-01 00:00:00,1054236.9400000004
547,"Obama, Barack",2012-10-02 00:00:00,852911.8700000005
548,"Obama, Barack",2012-10-03 00:00:00,1997857.3900000008
549,"Obama, Barack",2012-10-04 00:00:00,2021589.8600000013
550,"Obama, Barack",2012-10-05 00:00:00,6617394.019999998
551,"Obama, Barack",2012-10-06 00:00:00,984831.3099999998
552,"Obama, Barack",2012-10-07 00:00:00,1063335.0600000003
553,"Obama, Barack",2012-10-08 00:00:00,2448341.3499999996
554,"Obama, Barack",2012-10-09 00:00:00,2712334.250000001
555,"Obama, Barack",2012-10-10 00:00:00,2205780.5000000005
556,"Obama, Barack",2012-10-11 00:00:00,2949650.3800000004
557,"Obama, Barack",2012-10-12 00:00:00,8001066.1599999955
558,"Obama, Barack",2012-10-13 00:00:00,1323364.35
559,"Obama, Barack",2012-10-14 00:00:00,1529363.4300000002
560,"Obama, Barack",2012-10-15 00:00:00,4212917.330000004
561,"Obama, Barack",2012-10-16 00:00:00,5441268.61
562,"Obama, Barack",2012-10-17 00:00:00,17013378.329999987
563,"Obama, Barack",2012-10-18 00:00:00,1669581.9600000004
564,"Obama, Barack",2012-10-19 00:00:00,2579329.31
565,"Obama, Barack",2012-10-20 00:00:00,862134.93
566,"Obama, Barack",2012-10-21 00:00:00,1731229.5600000012
567,"Obama, Barack",2012-10-22 00:00:00,4702267.549999999
568,"Obama, Barack",2012-10-23 00:00:00,5650214.249999996
569,"Obama, Barack",2012-10-24 00:00:00,7361204.370000001
570,"Obama, Barack",2012-10-25 00:00:00,2133167.960000001
571,"Obama, Barack",2012-10-26 00:00:00,4671610.580000002
572,"Obama, Barack",2012-10-27 00:00:00,2687805.81
573,"Obama, Barack",2012-10-28 00:00:00,3502919.7599999965
574,"Obama, Barack",2012-10-29 00:00:00,3582817.7699999977
575,"Obama, Barack",2012-10-30 00:00:00,2118934.96
576,"Obama, Barack",2012-10-31 00:00:00,7760358.36
577,"Obama, Barack",2012-11-01 00:00:00,4529625.369999999
578,"Obama, Barack",2012-11-02 00:00:00,6501541.380000002
579,"Obama, Barack",2012-11-03 00:00:00,2192228.2000000007
580,"Obama, Barack",2012-11-04 00:00:00,3207216.440000003
581,"Obama, Barack",2012-11-05 00:00:00,943407.1199999998
582,"Obama, Barack",2012-11-06 00:00:00,3912915.369999999
583,"Obama, Barack",2012-11-07 00:00:00,45635.75
584,"Obama, Barack",2012-11-08 00:00:00,10780.5
585,"Obama, Barack",2012-11-09 00:00:00,-1454.9299999999998
586,"Obama, Barack",2012-11-10 00:00:00,2210.0
587,"Obama, Barack",2012-11-11 00:00:00,847.75
588,"Obama, Barack",2012-11-12 00:00:00,6200.0
589,"Obama, Barack",2012-11-13 00:00:00,2323.0
590,"Obama, Barack",2012-11-14 00:00:00,93108.65
591,"Obama, Barack",2012-11-15 00:00:00,-91081.3
592,"Obama, Barack",2012-11-16 00:00:00,-113759.39000000001
593,"Obama, Barack",2012-11-17 00:00:00,13516.0
594,"Obama, Barack",2012-11-18 00:00:00,17747.0
595,"Obama, Barack",2012-11-19 00:00:00,6300.43
596,"Obama, Barack",2012-11-20 00:00:00,-10765.369999999999
597,"Obama, Barack",2012-11-21 00:00:00,-27923.5
598,"Obama, Barack",2012-11-22 00:00:00,-61709.5
599,"Obama, Barack",2012-11-23 00:00:00,-5312.0
600,"Obama, Barack",2012-11-24 00:00:00,-2245.0
601,"Obama, Barack",2012-11-25 00:00:00,45.0
602,"Obama, Barack",2012-11-26 00:00:00,-31177.199999999997
603,"Obama, Barack",2012-11-27 00:00:00,-51998.44
604,"Obama, Barack",2012-11-28 00:00:00,6353.6399999999985
605,"Obama, Barack",2012-11-29 00:00:00,-12461.98
606,"Obama, Barack",2012-11-30 00:00:00,21646.0
607,"Obama, Barack",2012-12-01 00:00:00,11439.2
608,"Obama, Barack",2012-12-02 00:00:00,15782.0
609,"Obama, Barack",2012-12-03 00:00:00,7251.0
610,"Obama, Barack",2012-12-04 00:00:00,-11191.0
611,"Obama, Barack",2012-12-05 00:00:00,-53944.270000000004
612,"Obama, Barack",2012-12-06 00:00:00,1304.0
613,"Obama, Barack",2012-12-07 00:00:00,-153263.56000000014
614,"Obama, Barack",2012-12-08 00:00:00,-6057.0
615,"Obama, Barack",2012-12-10 00:00:00,-24081.0
616,"Obama, Barack",2012-12-11 00:00:00,-61165.18000000001
617,"Obama, Barack",2012-12-12 00:00:00,-18023.8
618,"Obama, Barack",2012-12-13 00:00:00,1882368.12
619,"Obama, Barack",2012-12-14 00:00:00,-19576.22
620,"Obama, Barack",2012-12-15 00:00:00,2256.0
621,"Obama, Barack",2012-12-16 00:00:00,3985.0
622,"Obama, Barack",2012-12-17 00:00:00,-13.0
623,"Obama, Barack",2012-12-18 00:00:00,-23915.74
624,"Obama, Barack",2012-12-19 00:00:00,170295.67
625,"Obama, Barack",2012-12-20 00:00:00,-9862.68
626,"Obama, Barack",2012-12-21 00:00:00,-8740.0
627,"Obama, Barack",2012-12-22 00:00:00,-627.0
628,"Obama, Barack",2012-12-24 00:00:00,-16735.0
629,"Obama, Barack",2012-12-25 00:00:00,-260.0
630,"Obama, Barack",2012-12-26 00:00:00,-13008.0
631,"Obama, Barack",2012-12-27 00:00:00,-2350.0
632,"Obama, Barack",2012-12-28 00:00:00,-3809.0
633,"Obama, Barack",2012-12-29 00:00:00,-2815.0
634,"Obama, Barack",2012-12-30 00:00:00,100.0
635,"Obama, Barack",2012-12-31 00:00:00,-199813.92000000004
636,"Romney, Mitt",2011-04-11 00:00:00,89475.0
637,"Romney, Mitt",2011-04-12 00:00:00,86425.0
638,"Romney, Mitt",2011-04-13 00:00:00,146225.0
639,"Romney, Mitt",2011-04-14 00:00:00,188620.0
640,"Romney, Mitt",2011-04-15 00:00:00,112150.0
641,"Romney, Mitt",2011-04-16 00:00:00,14100.0
642,"Romney, Mitt",2011-04-17 00:00:00,34250.0
643,"Romney, Mitt",2011-04-18 00:00:00,56350.0
644,"Romney, Mitt",2011-04-19 00:00:00,68000.0
645,"Romney, Mitt",2011-04-20 00:00:00,153651.0
646,"Romney, Mitt",2011-04-21 00:00:00,386760.0
647,"Romney, Mitt",2011-04-22 00:00:00,88750.0
648,"Romney, Mitt",2011-04-23 00:00:00,16600.0
649,"Romney, Mitt",2011-04-24 00:00:00,15500.0
650,"Romney, Mitt",2011-04-25 00:00:00,40850.0
651,"Romney, Mitt",2011-04-26 00:00:00,58250.0
652,"Romney, Mitt",2011-04-27 00:00:00,176298.13
653,"Romney, Mitt",2011-04-28 00:00:00,77900.0
654,"Romney, Mitt",2011-04-29 00:00:00,185639.0
655,"Romney, Mitt",2011-04-30 00:00:00,32050.0
656,"Romney, Mitt",2011-05-01 00:00:00,11550.0
657,"Romney, Mitt",2011-05-02 00:00:00,180923.0
658,"Romney, Mitt",2011-05-03 00:00:00,102225.0
659,"Romney, Mitt",2011-05-04 00:00:00,155350.0
660,"Romney, Mitt",2011-05-05 00:00:00,85882.0
661,"Romney, Mitt",2011-05-06 00:00:00,87850.0
662,"Romney, Mitt",2011-05-07 00:00:00,15350.0
663,"Romney, Mitt",2011-05-08 00:00:00,24100.0
664,"Romney, Mitt",2011-05-09 00:00:00,269257.0
665,"Romney, Mitt",2011-05-10 00:00:00,211205.0
666,"Romney, Mitt",2011-05-11 00:00:00,217038.75
667,"Romney, Mitt",2011-05-12 00:00:00,238816.0
668,"Romney, Mitt",2011-05-13 00:00:00,152145.0
669,"Romney, Mitt",2011-05-14 00:00:00,16525.0
670,"Romney, Mitt",2011-05-15 00:00:00,81720.0
671,"Romney, Mitt",2011-05-16 00:00:00,2399686.0
672,"Romney, Mitt",2011-05-17 00:00:00,112420.0
673,"Romney, Mitt",2011-05-18 00:00:00,215920.0
674,"Romney, Mitt",2011-05-19 00:00:00,172073.0
675,"Romney, Mitt",2011-05-20 00:00:00,730685.0
676,"Romney, Mitt",2011-05-21 00:00:00,14435.0
677,"Romney, Mitt",2011-05-22 00:00:00,31750.0
678,"Romney, Mitt",2011-05-23 00:00:00,40620.0
679,"Romney, Mitt",2011-05-24 00:00:00,505175.0
680,"Romney, Mitt",2011-05-25 00:00:00,74355.0
681,"Romney, Mitt",2011-05-26 00:00:00,253825.0
682,"Romney, Mitt",2011-05-27 00:00:00,123375.0
683,"Romney, Mitt",2011-05-28 00:00:00,6250.0
684,"Romney, Mitt",2011-05-29 00:00:00,2500.0
685,"Romney, Mitt",2011-05-30 00:00:00,10350.0
686,"Romney, Mitt",2011-05-31 00:00:00,193180.0
687,"Romney, Mitt",2011-06-01 00:00:00,378325.0
688,"Romney, Mitt",2011-06-02 00:00:00,141920.0
689,"Romney, Mitt",2011-06-03 00:00:00,246365.0
690,"Romney, Mitt",2011-06-04 00:00:00,31600.0
691,"Romney, Mitt",2011-06-05 00:00:00,12600.0
692,"Romney, Mitt",2011-06-06 00:00:00,255613.0
693,"Romney, Mitt",2011-06-07 00:00:00,206310.0
694,"Romney, Mitt",2011-06-08 00:00:00,366254.78
695,"Romney, Mitt",2011-06-09 00:00:00,124141.12
696,"Romney, Mitt",2011-06-10 00:00:00,120345.12
697,"Romney, Mitt",2011-06-11 00:00:00,8800.0
698,"Romney, Mitt",2011-06-12 00:00:00,13870.24
699,"Romney, Mitt",2011-06-13 00:00:00,173517.47999999998
700,"Romney, Mitt",2011-06-14 00:00:00,371831.12
701,"Romney, Mitt",2011-06-15 00:00:00,140450.12
702,"Romney, Mitt",2011-06-16 00:00:00,122884.0
703,"Romney, Mitt",2011-06-17 00:00:00,233352.0
704,"Romney, Mitt",2011-06-18 00:00:00,20500.0
705,"Romney, Mitt",2011-06-19 00:00:00,26850.0
706,"Romney, Mitt",2011-06-20 00:00:00,406225.0
707,"Romney, Mitt",2011-06-21 00:00:00,400974.0
708,"Romney, Mitt",2011-06-22 00:00:00,595259.76
709,"Romney, Mitt",2011-06-23 00:00:00,210961.0
710,"Romney, Mitt",2011-06-24 00:00:00,331125.0
711,"Romney, Mitt",2011-06-25 00:00:00,37055.0
712,"Romney, Mitt",2011-06-26 00:00:00,45035.0
713,"Romney, Mitt",2011-06-27 00:00:00,646750.0
714,"Romney, Mitt",2011-06-28 00:00:00,519260.48
715,"Romney, Mitt",2011-06-29 00:00:00,789811.7999999999
716,"Romney, Mitt",2011-06-30 00:00:00,1212450.75
717,"Romney, Mitt",2011-07-01 00:00:00,45937.48
718,"Romney, Mitt",2011-07-02 00:00:00,3390.24
719,"Romney, Mitt",2011-07-03 00:00:00,8500.0
720,"Romney, Mitt",2011-07-04 00:00:00,3060.0
721,"Romney, Mitt",2011-07-05 00:00:00,442970.0
722,"Romney, Mitt",2011-07-06 00:00:00,122203.0
723,"Romney, Mitt",2011-07-07 00:00:00,45360.0
724,"Romney, Mitt",2011-07-08 00:00:00,76883.24
725,"Romney, Mitt",2011-07-09 00:00:00,13120.0
726,"Romney, Mitt",2011-07-10 00:00:00,2685.0
727,"Romney, Mitt",2011-07-11 00:00:00,35825.0
728,"Romney, Mitt",2011-07-12 00:00:00,37079.0
729,"Romney, Mitt",2011-07-13 00:00:00,137192.0
730,"Romney, Mitt",2011-07-14 00:00:00,64532.0
731,"Romney, Mitt",2011-07-15 00:00:00,80803.59999999999
732,"Romney, Mitt",2011-07-16 00:00:00,1950.0
733,"Romney, Mitt",2011-07-17 00:00:00,7535.0
734,"Romney, Mitt",2011-07-18 00:00:00,69959.0
735,"Romney, Mitt",2011-07-19 00:00:00,18565.0
736,"Romney, Mitt",2011-07-20 00:00:00,99690.0
737,"Romney, Mitt",2011-07-21 00:00:00,103828.0
738,"Romney, Mitt",2011-07-22 00:00:00,37363.0
739,"Romney, Mitt",2011-07-23 00:00:00,12410.0
740,"Romney, Mitt",2011-07-24 00:00:00,4950.0
741,"Romney, Mitt",2011-07-25 00:00:00,61190.0
742,"Romney, Mitt",2011-07-26 00:00:00,125403.0
743,"Romney, Mitt",2011-07-27 00:00:00,83680.5
744,"Romney, Mitt",2011-07-28 00:00:00,200735.0
745,"Romney, Mitt",2011-07-29 00:00:00,142273.88
746,"Romney, Mitt",2011-07-30 00:00:00,515.0
747,"Romney, Mitt",2011-07-31 00:00:00,3000.0
748,"Romney, Mitt",2011-08-01 00:00:00,121527.0
749,"Romney, Mitt",2011-08-02 00:00:00,83135.0
750,"Romney, Mitt",2011-08-03 00:00:00,53135.0
751,"Romney, Mitt",2011-08-04 00:00:00,63815.0
752,"Romney, Mitt",2011-08-05 00:00:00,58630.0
753,"Romney, Mitt",2011-08-06 00:00:00,2250.0
754,"Romney, Mitt",2011-08-07 00:00:00,4010.0
755,"Romney, Mitt",2011-08-08 00:00:00,42451.56
756,"Romney, Mitt",2011-08-09 00:00:00,107699.5
757,"Romney, Mitt",2011-08-10 00:00:00,35262.0
758,"Romney, Mitt",2011-08-11 00:00:00,12831.0
759,"Romney, Mitt",2011-08-12 00:00:00,151327.15
760,"Romney, Mitt",2011-08-13 00:00:00,8595.0
761,"Romney, Mitt",2011-08-14 00:00:00,18125.0
762,"Romney, Mitt",2011-08-15 00:00:00,133988.36
763,"Romney, Mitt",2011-08-16 00:00:00,35125.35
764,"Romney, Mitt",2011-08-17 00:00:00,235284.85
765,"Romney, Mitt",2011-08-18 00:00:00,80760.0
766,"Romney, Mitt",2011-08-19 00:00:00,83371.0
767,"Romney, Mitt",2011-08-20 00:00:00,5930.0
768,"Romney, Mitt",2011-08-21 00:00:00,9150.0
769,"Romney, Mitt",2011-08-22 00:00:00,48692.0
770,"Romney, Mitt",2011-08-23 00:00:00,198094.76
771,"Romney, Mitt",2011-08-24 00:00:00,90068.0
772,"Romney, Mitt",2011-08-25 00:00:00,143730.0
773,"Romney, Mitt",2011-08-26 00:00:00,174238.0
774,"Romney, Mitt",2011-08-27 00:00:00,1670.0
775,"Romney, Mitt",2011-08-28 00:00:00,4060.0
776,"Romney, Mitt",2011-08-29 00:00:00,120578.0
777,"Romney, Mitt",2011-08-30 00:00:00,92617.0
778,"Romney, Mitt",2011-08-31 00:00:00,43101.0
779,"Romney, Mitt",2011-09-01 00:00:00,61330.0
780,"Romney, Mitt",2011-09-02 00:00:00,45560.0
781,"Romney, Mitt",2011-09-03 00:00:00,5050.0
782,"Romney, Mitt",2011-09-04 00:00:00,11250.0
783,"Romney, Mitt",2011-09-05 00:00:00,10225.0
784,"Romney, Mitt",2011-09-06 00:00:00,195472.19
785,"Romney, Mitt",2011-09-07 00:00:00,182212.31
786,"Romney, Mitt",2011-09-08 00:00:00,217032.0
787,"Romney, Mitt",2011-09-09 00:00:00,69270.0
788,"Romney, Mitt",2011-09-10 00:00:00,13260.0
789,"Romney, Mitt",2011-09-11 00:00:00,19035.0
790,"Romney, Mitt",2011-09-12 00:00:00,195901.05
791,"Romney, Mitt",2011-09-13 00:00:00,149162.76
792,"Romney, Mitt",2011-09-14 00:00:00,224879.78
793,"Romney, Mitt",2011-09-15 00:00:00,342119.24
794,"Romney, Mitt",2011-09-16 00:00:00,418835.0
795,"Romney, Mitt",2011-09-17 00:00:00,22910.0
796,"Romney, Mitt",2011-09-18 00:00:00,22790.0
797,"Romney, Mitt",2011-09-19 00:00:00,266663.0
798,"Romney, Mitt",2011-09-20 00:00:00,275780.0
799,"Romney, Mitt",2011-09-21 00:00:00,491240.0
800,"Romney, Mitt",2011-09-22 00:00:00,477388.0
801,"Romney, Mitt",2011-09-23 00:00:00,325858.0
802,"Romney, Mitt",2011-09-24 00:00:00,12876.0
803,"Romney, Mitt",2011-09-25 00:00:00,16780.0
804,"Romney, Mitt",2011-09-26 00:00:00,237855.0
805,"Romney, Mitt",2011-09-27 00:00:00,250763.0
806,"Romney, Mitt",2011-09-28 00:00:00,566896.0
807,"Romney, Mitt",2011-09-29 00:00:00,577967.0
808,"Romney, Mitt",2011-09-30 00:00:00,1686392.92
809,"Romney, Mitt",2011-10-01 00:00:00,23910.0
810,"Romney, Mitt",2011-10-02 00:00:00,24670.0
811,"Romney, Mitt",2011-10-03 00:00:00,21171.0
812,"Romney, Mitt",2011-10-04 00:00:00,35287.0
813,"Romney, Mitt",2011-10-05 00:00:00,35532.69
814,"Romney, Mitt",2011-10-06 00:00:00,56839.0
815,"Romney, Mitt",2011-10-07 00:00:00,109445.0
816,"Romney, Mitt",2011-10-08 00:00:00,13395.0
817,"Romney, Mitt",2011-10-09 00:00:00,15185.0
818,"Romney, Mitt",2011-10-10 00:00:00,173302.96
819,"Romney, Mitt",2011-10-11 00:00:00,82028.0
820,"Romney, Mitt",2011-10-12 00:00:00,183787.0
821,"Romney, Mitt",2011-10-13 00:00:00,29280.03
822,"Romney, Mitt",2011-10-14 00:00:00,114851.0
823,"Romney, Mitt",2011-10-15 00:00:00,29274.02
824,"Romney, Mitt",2011-10-16 00:00:00,22065.0
825,"Romney, Mitt",2011-10-17 00:00:00,213813.0
826,"Romney, Mitt",2011-10-18 00:00:00,251565.56
827,"Romney, Mitt",2011-10-19 00:00:00,108320.0
828,"Romney, Mitt",2011-10-20 00:00:00,312188.98
829,"Romney, Mitt",2011-10-21 00:00:00,122251.0
830,"Romney, Mitt",2011-10-22 00:00:00,2700.0
831,"Romney, Mitt",2011-10-23 00:00:00,11940.0
832,"Romney, Mitt",2011-10-24 00:00:00,366313.41000000003
833,"Romney, Mitt",2011-10-25 00:00:00,145947.8
834,"Romney, Mitt",2011-10-26 00:00:00,243912.0
835,"Romney, Mitt",2011-10-27 00:00:00,43374.57
836,"Romney, Mitt",2011-10-28 00:00:00,322805.0
837,"Romney, Mitt",2011-10-29 00:00:00,19687.0
838,"Romney, Mitt",2011-10-30 00:00:00,4771.01
839,"Romney, Mitt",2011-10-31 00:00:00,383647.01
840,"Romney, Mitt",2011-11-01 00:00:00,261007.86
841,"Romney, Mitt",2011-11-02 00:00:00,417838.0
842,"Romney, Mitt",2011-11-03 00:00:00,61605.0
843,"Romney, Mitt",2011-11-04 00:00:00,585028.0
844,"Romney, Mitt",2011-11-05 00:00:00,15105.0
845,"Romney, Mitt",2011-11-06 00:00:00,5182.0
846,"Romney, Mitt",2011-11-07 00:00:00,275619.12
847,"Romney, Mitt",2011-11-08 00:00:00,264264.43999999994
848,"Romney, Mitt",2011-11-09 00:00:00,417452.24
849,"Romney, Mitt",2011-11-10 00:00:00,75596.68
850,"Romney, Mitt",2011-11-11 00:00:00,233294.68
851,"Romney, Mitt",2011-11-12 00:00:00,7875.12
852,"Romney, Mitt",2011-11-13 00:00:00,12200.0
853,"Romney, Mitt",2011-11-14 00:00:00,304790.24
854,"Romney, Mitt",2011-11-15 00:00:00,442142.13
855,"Romney, Mitt",2011-11-16 00:00:00,170531.43
856,"Romney, Mitt",2011-11-17 00:00:00,53653.0
857,"Romney, Mitt",2011-11-18 00:00:00,271115.0
858,"Romney, Mitt",2011-11-19 00:00:00,16755.010000000002
859,"Romney, Mitt",2011-11-20 00:00:00,30727.02
860,"Romney, Mitt",2011-11-21 00:00:00,1140003.2200000002
861,"Romney, Mitt",2011-11-22 00:00:00,429086.56
862,"Romney, Mitt",2011-11-23 00:00:00,52989.0
863,"Romney, Mitt",2011-11-24 00:00:00,3340.0
864,"Romney, Mitt",2011-11-25 00:00:00,24165.0
865,"Romney, Mitt",2011-11-26 00:00:00,6205.0
866,"Romney, Mitt",2011-11-27 00:00:00,20961.9
867,"Romney, Mitt",2011-11-28 00:00:00,436964.68999999994
868,"Romney, Mitt",2011-11-29 00:00:00,212301.3
869,"Romney, Mitt",2011-11-30 00:00:00,516735.82
870,"Romney, Mitt",2011-12-01 00:00:00,235072.8
871,"Romney, Mitt",2011-12-02 00:00:00,560656.0
872,"Romney, Mitt",2011-12-03 00:00:00,29519.239999999998
873,"Romney, Mitt",2011-12-04 00:00:00,27355.0
874,"Romney, Mitt",2011-12-05 00:00:00,1048268.57
875,"Romney, Mitt",2011-12-06 00:00:00,594430.5700000001
876,"Romney, Mitt",2011-12-07 00:00:00,990492.0
877,"Romney, Mitt",2011-12-08 00:00:00,559290.56
878,"Romney, Mitt",2011-12-09 00:00:00,663209.0
879,"Romney, Mitt",2011-12-10 00:00:00,32250.0
880,"Romney, Mitt",2011-12-11 00:00:00,29585.0
881,"Romney, Mitt",2011-12-12 00:00:00,612984.4
882,"Romney, Mitt",2011-12-13 00:00:00,911594.12
883,"Romney, Mitt",2011-12-14 00:00:00,302763.0
884,"Romney, Mitt",2011-12-15 00:00:00,110306.35999999999
885,"Romney, Mitt",2011-12-16 00:00:00,822840.48
886,"Romney, Mitt",2011-12-17 00:00:00,25720.0
887,"Romney, Mitt",2011-12-18 00:00:00,25105.24
888,"Romney, Mitt",2011-12-19 00:00:00,586401.96
889,"Romney, Mitt",2011-12-20 00:00:00,107773.24
890,"Romney, Mitt",2011-12-21 00:00:00,435316.0
891,"Romney, Mitt",2011-12-22 00:00:00,179535.14
892,"Romney, Mitt",2011-12-23 00:00:00,45878.18
893,"Romney, Mitt",2011-12-24 00:00:00,7390.12
894,"Romney, Mitt",2011-12-25 00:00:00,10010.0
895,"Romney, Mitt",2011-12-26 00:00:00,33172.259999999995
896,"Romney, Mitt",2011-12-27 00:00:00,161169.33
897,"Romney, Mitt",2011-12-28 00:00:00,718313.8200000001
898,"Romney, Mitt",2011-12-29 00:00:00,192655.01
899,"Romney, Mitt",2011-12-30 00:00:00,254021.36
900,"Romney, Mitt",2011-12-31 00:00:00,713079.24
901,"Romney, Mitt",2012-01-01 00:00:00,19327.0
902,"Romney, Mitt",2012-01-02 00:00:00,23672.120000000003
903,"Romney, Mitt",2012-01-03 00:00:00,45742.31
904,"Romney, Mitt",2012-01-04 00:00:00,71577.48
905,"Romney, Mitt",2012-01-05 00:00:00,65449.24
906,"Romney, Mitt",2012-01-06 00:00:00,22780.48
907,"Romney, Mitt",2012-01-07 00:00:00,28735.239999999998
908,"Romney, Mitt",2012-01-08 00:00:00,13805.0
909,"Romney, Mitt",2012-01-09 00:00:00,288411.44
910,"Romney, Mitt",2012-01-10 00:00:00,242527.37
911,"Romney, Mitt",2012-01-11 00:00:00,184386.0
912,"Romney, Mitt",2012-01-12 00:00:00,140848.76
913,"Romney, Mitt",2012-01-13 00:00:00,230468.91999999998
914,"Romney, Mitt",2012-01-14 00:00:00,22885.0
915,"Romney, Mitt",2012-01-15 00:00:00,67516.25
916,"Romney, Mitt",2012-01-16 00:00:00,156153.0
917,"Romney, Mitt",2012-01-17 00:00:00,374790.95
918,"Romney, Mitt",2012-01-18 00:00:00,676669.3400000001
919,"Romney, Mitt",2012-01-19 00:00:00,822771.76
920,"Romney, Mitt",2012-01-20 00:00:00,116723.72
921,"Romney, Mitt",2012-01-21 00:00:00,51151.32000000004
922,"Romney, Mitt",2012-01-22 00:00:00,58409.54000000009
923,"Romney, Mitt",2012-01-23 00:00:00,248542.27999999988
924,"Romney, Mitt",2012-01-24 00:00:00,161611.71999999997
925,"Romney, Mitt",2012-01-25 00:00:00,211493.05
926,"Romney, Mitt",2012-01-26 00:00:00,109908.20000000001
927,"Romney, Mitt",2012-01-27 00:00:00,81210.84000000001
928,"Romney, Mitt",2012-01-28 00:00:00,31793.359999999997
929,"Romney, Mitt",2012-01-29 00:00:00,35805.0
930,"Romney, Mitt",2012-01-30 00:00:00,87380.66
931,"Romney, Mitt",2012-01-31 00:00:00,327902.62
932,"Romney, Mitt",2012-02-01 00:00:00,230207.54999999996
933,"Romney, Mitt",2012-02-02 00:00:00,123958.28
934,"Romney, Mitt",2012-02-03 00:00:00,180449.84
935,"Romney, Mitt",2012-02-04 00:00:00,58542.74
936,"Romney, Mitt",2012-02-05 00:00:00,53149.0
937,"Romney, Mitt",2012-02-06 00:00:00,288161.13
938,"Romney, Mitt",2012-02-07 00:00:00,356490.76
939,"Romney, Mitt",2012-02-08 00:00:00,409044.45
940,"Romney, Mitt",2012-02-09 00:00:00,401717.55000000005
941,"Romney, Mitt",2012-02-10 00:00:00,251174.32
942,"Romney, Mitt",2012-02-11 00:00:00,23970.9
943,"Romney, Mitt",2012-02-12 00:00:00,30945.87
944,"Romney, Mitt",2012-02-13 00:00:00,741507.5
945,"Romney, Mitt",2012-02-14 00:00:00,459435.19999999995
946,"Romney, Mitt",2012-02-15 00:00:00,617883.09
947,"Romney, Mitt",2012-02-16 00:00:00,568925.4299999999
948,"Romney, Mitt",2012-02-17 00:00:00,684898.02
949,"Romney, Mitt",2012-02-18 00:00:00,25543.0
950,"Romney, Mitt",2012-02-19 00:00:00,27913.12
951,"Romney, Mitt",2012-02-20 00:00:00,32641.690000000002
952,"Romney, Mitt",2012-02-21 00:00:00,634402.56
953,"Romney, Mitt",2012-02-22 00:00:00,411010.03
954,"Romney, Mitt",2012-02-23 00:00:00,325285.29
955,"Romney, Mitt",2012-02-24 00:00:00,221742.28
956,"Romney, Mitt",2012-02-25 00:00:00,25469.83
957,"Romney, Mitt",2012-02-26 00:00:00,48241.36
958,"Romney, Mitt",2012-02-27 00:00:00,442423.95999999996
959,"Romney, Mitt",2012-02-28 00:00:00,407527.0399999999
960,"Romney, Mitt",2012-02-29 00:00:00,2005212.8100000003
961,"Romney, Mitt",2012-03-01 00:00:00,154402.4
962,"Romney, Mitt",2012-03-02 00:00:00,117907.92000000001
963,"Romney, Mitt",2012-03-03 00:00:00,60128.89
964,"Romney, Mitt",2012-03-04 00:00:00,28791.02
965,"Romney, Mitt",2012-03-05 00:00:00,165166.6
966,"Romney, Mitt",2012-03-06 00:00:00,127553.29000000001
967,"Romney, Mitt",2012-03-07 00:00:00,900362.41
968,"Romney, Mitt",2012-03-08 00:00:00,203088.0
969,"Romney, Mitt",2012-03-09 00:00:00,514730.24
970,"Romney, Mitt",2012-03-10 00:00:00,43369.32
971,"Romney, Mitt",2012-03-11 00:00:00,40772.24
972,"Romney, Mitt",2012-03-12 00:00:00,380174.08999999997
973,"Romney, Mitt",2012-03-13 00:00:00,456057.0
974,"Romney, Mitt",2012-03-14 00:00:00,473190.53
975,"Romney, Mitt",2012-03-15 00:00:00,105640.94999999998
976,"Romney, Mitt",2012-03-16 00:00:00,241624.5
977,"Romney, Mitt",2012-03-17 00:00:00,27617.760000000002
978,"Romney, Mitt",2012-03-18 00:00:00,23350.0
979,"Romney, Mitt",2012-03-19 00:00:00,238458.05000000002
980,"Romney, Mitt",2012-03-20 00:00:00,1164612.72
981,"Romney, Mitt",2012-03-21 00:00:00,377476.92
982,"Romney, Mitt",2012-03-22 00:00:00,361845.12
983,"Romney, Mitt",2012-03-23 00:00:00,318490.48
984,"Romney, Mitt",2012-03-24 00:00:00,37853.799999999996
985,"Romney, Mitt",2012-03-25 00:00:00,39688.0
986,"Romney, Mitt",2012-03-26 00:00:00,1065301.24
987,"Romney, Mitt",2012-03-27 00:00:00,632591.9
988,"Romney, Mitt",2012-03-28 00:00:00,244281.24
989,"Romney, Mitt",2012-03-29 00:00:00,259672.52
990,"Romney, Mitt",2012-03-30 00:00:00,559757.6499999998
991,"Romney, Mitt",2012-03-31 00:00:00,1376220.87
992,"Romney, Mitt",2012-04-01 00:00:00,28165.12
993,"Romney, Mitt",2012-04-02 00:00:00,36037.68
994,"Romney, Mitt",2012-04-03 00:00:00,51685.259999999995
995,"Romney, Mitt",2012-04-04 00:00:00,284562.45999999996
996,"Romney, Mitt",2012-04-05 00:00:00,33522.119999999995
997,"Romney, Mitt",2012-04-06 00:00:00,362020.0
998,"Romney, Mitt",2012-04-07 00:00:00,23844.0
999,"Romney, Mitt",2012-04-08 00:00:00,12640.0
1000,"Romney, Mitt",2012-04-09 00:00:00,347474.36
1001,"Romney, Mitt",2012-04-10 00:00:00,556840.25
1002,"Romney, Mitt",2012-04-11 00:00:00,424230.6
1003,"Romney, Mitt",2012-04-12 00:00:00,288306.0
1004,"Romney, Mitt",2012-04-13 00:00:00,373824.0
1005,"Romney, Mitt",2012-04-14 00:00:00,32283.0
1006,"Romney, Mitt",2012-04-15 00:00:00,69845.56000000001
1007,"Romney, Mitt",2012-04-16 00:00:00,632699.0
1008,"Romney, Mitt",2012-04-17 00:00:00,717727.24
1009,"Romney, Mitt",2012-04-18 00:00:00,419537.09
1010,"Romney, Mitt",2012-04-19 00:00:00,698969.82
1011,"Romney, Mitt",2012-04-20 00:00:00,546100.34
1012,"Romney, Mitt",2012-04-21 00:00:00,66818.12
1013,"Romney, Mitt",2012-04-22 00:00:00,89748.23999999999
1014,"Romney, Mitt",2012-04-23 00:00:00,982306.11
1015,"Romney, Mitt",2012-04-24 00:00:00,1337383.9
1016,"Romney, Mitt",2012-04-25 00:00:00,691453.12
1017,"Romney, Mitt",2012-04-26 00:00:00,759347.2999999999
1018,"Romney, Mitt",2012-04-27 00:00:00,707902.25
1019,"Romney, Mitt",2012-04-28 00:00:00,90939.5
1020,"Romney, Mitt",2012-04-29 00:00:00,63288.0
1021,"Romney, Mitt",2012-04-30 00:00:00,1524223.74
1022,"Romney, Mitt",2012-05-01 00:00:00,762619.25
1023,"Romney, Mitt",2012-05-02 00:00:00,714745.61
1024,"Romney, Mitt",2012-05-03 00:00:00,575122.71
1025,"Romney, Mitt",2012-05-04 00:00:00,421460.73
1026,"Romney, Mitt",2012-05-05 00:00:00,51771.840000000004
1027,"Romney, Mitt",2012-05-06 00:00:00,73075.0
1028,"Romney, Mitt",2012-05-07 00:00:00,2421354.29
1029,"Romney, Mitt",2012-05-08 00:00:00,1734369.1
1030,"Romney, Mitt",2012-05-09 00:00:00,792788.9700000001
1031,"Romney, Mitt",2012-05-10 00:00:00,750249.0
1032,"Romney, Mitt",2012-05-11 00:00:00,489033.85000000003
1033,"Romney, Mitt",2012-05-12 00:00:00,87949.15
1034,"Romney, Mitt",2012-05-13 00:00:00,103197.0
1035,"Romney, Mitt",2012-05-14 00:00:00,1096283.25
1036,"Romney, Mitt",2012-05-15 00:00:00,1702303.4200000006
1037,"Romney, Mitt",2012-05-16 00:00:00,862987.31
1038,"Romney, Mitt",2012-05-17 00:00:00,1239326.65
1039,"Romney, Mitt",2012-05-18 00:00:00,1016829.1
1040,"Romney, Mitt",2012-05-19 00:00:00,149964.0
1041,"Romney, Mitt",2012-05-20 00:00:00,111314.0
1042,"Romney, Mitt",2012-05-21 00:00:00,4118375.33
1043,"Romney, Mitt",2012-05-22 00:00:00,1112310.5
1044,"Romney, Mitt",2012-05-23 00:00:00,687097.1
1045,"Romney, Mitt",2012-05-24 00:00:00,2007567.0
1046,"Romney, Mitt",2012-05-25 00:00:00,723025.6900000001
1047,"Romney, Mitt",2012-05-26 00:00:00,75178.74
1048,"Romney, Mitt",2012-05-27 00:00:00,40528.36
1049,"Romney, Mitt",2012-05-28 00:00:00,68935.0
1050,"Romney, Mitt",2012-05-29 00:00:00,221229.37
1051,"Romney, Mitt",2012-05-30 00:00:00,293427.81
1052,"Romney, Mitt",2012-05-31 00:00:00,300678.29
1053,"Romney, Mitt",2012-06-01 00:00:00,4089312.3099999996
1054,"Romney, Mitt",2012-06-02 00:00:00,82969.48000000001
1055,"Romney, Mitt",2012-06-03 00:00:00,93560.95999999999
1056,"Romney, Mitt",2012-06-04 00:00:00,3380389.1700000004
1057,"Romney, Mitt",2012-06-05 00:00:00,608589.0
1058,"Romney, Mitt",2012-06-06 00:00:00,1236497.3
1059,"Romney, Mitt",2012-06-07 00:00:00,552814.25
1060,"Romney, Mitt",2012-06-08 00:00:00,1616718.27
1061,"Romney, Mitt",2012-06-09 00:00:00,117363.12
1062,"Romney, Mitt",2012-06-10 00:00:00,110149.36
1063,"Romney, Mitt",2012-06-11 00:00:00,3494459.87
1064,"Romney, Mitt",2012-06-12 00:00:00,912035.98
1065,"Romney, Mitt",2012-06-13 00:00:00,1038019.7699999999
1066,"Romney, Mitt",2012-06-14 00:00:00,1332990.17
1067,"Romney, Mitt",2012-06-15 00:00:00,746758.6199999999
1068,"Romney, Mitt",2012-06-16 00:00:00,61909.130000000005
1069,"Romney, Mitt",2012-06-17 00:00:00,54794.0
1070,"Romney, Mitt",2012-06-18 00:00:00,2615603.99
1071,"Romney, Mitt",2012-06-19 00:00:00,893493.48
1072,"Romney, Mitt",2012-06-20 00:00:00,559703.6
1073,"Romney, Mitt",2012-06-21 00:00:00,1025878.46
1074,"Romney, Mitt",2012-06-22 00:00:00,844982.5
1075,"Romney, Mitt",2012-06-23 00:00:00,96646.06999999999
1076,"Romney, Mitt",2012-06-24 00:00:00,105187.88
1077,"Romney, Mitt",2012-06-25 00:00:00,2048846.930000001
1078,"Romney, Mitt",2012-06-26 00:00:00,988398.6199999998
1079,"Romney, Mitt",2012-06-27 00:00:00,686112.48
1080,"Romney, Mitt",2012-06-28 00:00:00,2641061.0100000016
1081,"Romney, Mitt",2012-06-29 00:00:00,1125676.5499999998
1082,"Romney, Mitt",2012-06-30 00:00:00,458543.7599999999
1083,"Romney, Mitt",2012-07-01 00:00:00,226884.46999999997
1084,"Romney, Mitt",2012-07-02 00:00:00,3987156.0300000003
1085,"Romney, Mitt",2012-07-03 00:00:00,762484.1499999999
1086,"Romney, Mitt",2012-07-04 00:00:00,171454.47999999992
1087,"Romney, Mitt",2012-07-05 00:00:00,1839880.1
1088,"Romney, Mitt",2012-07-06 00:00:00,1057584.6600000001
1089,"Romney, Mitt",2012-07-07 00:00:00,108241.45999999999
1090,"Romney, Mitt",2012-07-08 00:00:00,98372.10999999999
1091,"Romney, Mitt",2012-07-09 00:00:00,1304780.66
1092,"Romney, Mitt",2012-07-10 00:00:00,1622236.6000000003
1093,"Romney, Mitt",2012-07-11 00:00:00,884800.8200000001
1094,"Romney, Mitt",2012-07-12 00:00:00,893586.25
1095,"Romney, Mitt",2012-07-13 00:00:00,1205048.25
1096,"Romney, Mitt",2012-07-14 00:00:00,155767.45999999996
1097,"Romney, Mitt",2012-07-15 00:00:00,192605.11999999997
1098,"Romney, Mitt",2012-07-16 00:00:00,2398196.5100000007
1099,"Romney, Mitt",2012-07-17 00:00:00,1186357.57
1100,"Romney, Mitt",2012-07-18 00:00:00,894261.05
1101,"Romney, Mitt",2012-07-19 00:00:00,1584460.43
1102,"Romney, Mitt",2012-07-20 00:00:00,1458199.28
1103,"Romney, Mitt",2012-07-21 00:00:00,97355.74
1104,"Romney, Mitt",2012-07-22 00:00:00,88729.44
1105,"Romney, Mitt",2012-07-23 00:00:00,1990037.62
1106,"Romney, Mitt",2012-07-24 00:00:00,2398058.63
1107,"Romney, Mitt",2012-07-25 00:00:00,779828.87
1108,"Romney, Mitt",2012-07-26 00:00:00,1312936.7199999997
1109,"Romney, Mitt",2012-07-27 00:00:00,886519.69
1110,"Romney, Mitt",2012-07-28 00:00:00,112745.53000000001
1111,"Romney, Mitt",2012-07-29 00:00:00,176294.52000000002
1112,"Romney, Mitt",2012-07-30 00:00:00,1626858.5900000008
1113,"Romney, Mitt",2012-07-31 00:00:00,3103951.170000001
1114,"Romney, Mitt",2012-08-01 00:00:00,304404.03
1115,"Romney, Mitt",2012-08-02 00:00:00,242891.48999999996
1116,"Romney, Mitt",2012-08-03 00:00:00,222501.18
1117,"Romney, Mitt",2012-08-04 00:00:00,149824.63
1118,"Romney, Mitt",2012-08-05 00:00:00,125266.58
1119,"Romney, Mitt",2012-08-06 00:00:00,1458073.5799999998
1120,"Romney, Mitt",2012-08-07 00:00:00,1881972.25
1121,"Romney, Mitt",2012-08-08 00:00:00,1198953.33
1122,"Romney, Mitt",2012-08-09 00:00:00,1010794.43
1123,"Romney, Mitt",2012-08-10 00:00:00,881913.6799999999
1124,"Romney, Mitt",2012-08-11 00:00:00,1963898.7600000014
1125,"Romney, Mitt",2012-08-12 00:00:00,1050607.55
1126,"Romney, Mitt",2012-08-13 00:00:00,3419044.8600000017
1127,"Romney, Mitt",2012-08-14 00:00:00,2259517.7
1128,"Romney, Mitt",2012-08-15 00:00:00,2047291.9600000004
1129,"Romney, Mitt",2012-08-16 00:00:00,1409081.5400000003
1130,"Romney, Mitt",2012-08-17 00:00:00,1904693.89
1131,"Romney, Mitt",2012-08-18 00:00:00,315199.56999999995
1132,"Romney, Mitt",2012-08-19 00:00:00,267774.45999999996
1133,"Romney, Mitt",2012-08-20 00:00:00,2659705.630000001
1134,"Romney, Mitt",2012-08-21 00:00:00,2539637.1100000003
1135,"Romney, Mitt",2012-08-22 00:00:00,1707951.6400000001
1136,"Romney, Mitt",2012-08-23 00:00:00,1402186.6000000003
1137,"Romney, Mitt",2012-08-24 00:00:00,1166933.34
1138,"Romney, Mitt",2012-08-25 00:00:00,236082.90999999997
1139,"Romney, Mitt",2012-08-26 00:00:00,329160.7
1140,"Romney, Mitt",2012-08-27 00:00:00,3610660.100000001
1141,"Romney, Mitt",2012-08-28 00:00:00,1034529.7599999999
1142,"Romney, Mitt",2012-08-29 00:00:00,668114.3099999999
1143,"Romney, Mitt",2012-08-30 00:00:00,1133952.3000000005
1144,"Romney, Mitt",2012-08-31 00:00:00,5219554.680000006
1145,"Romney, Mitt",2012-09-01 00:00:00,458760.82000000007
1146,"Romney, Mitt",2012-09-02 00:00:00,312717.1499999999
1147,"Romney, Mitt",2012-09-03 00:00:00,460832.4
1148,"Romney, Mitt",2012-09-04 00:00:00,3147980.5399999996
1149,"Romney, Mitt",2012-09-05 00:00:00,2307194.48
1150,"Romney, Mitt",2012-09-06 00:00:00,2108339.4400000004
1151,"Romney, Mitt",2012-09-07 00:00:00,2248025.4400000004
1152,"Romney, Mitt",2012-09-08 00:00:00,389348.11
1153,"Romney, Mitt",2012-09-09 00:00:00,386003.64999999997
1154,"Romney, Mitt",2012-09-10 00:00:00,4361260.15
1155,"Romney, Mitt",2012-09-11 00:00:00,3026735.3700000006
1156,"Romney, Mitt",2012-09-12 00:00:00,2904998.3799999985
1157,"Romney, Mitt",2012-09-13 00:00:00,2426292.1400000006
1158,"Romney, Mitt",2012-09-14 00:00:00,3417844.9799999986
1159,"Romney, Mitt",2012-09-15 00:00:00,422358.1400000001
1160,"Romney, Mitt",2012-09-16 00:00:00,411748.1100000001
1161,"Romney, Mitt",2012-09-17 00:00:00,5389204.970000002
1162,"Romney, Mitt",2012-09-18 00:00:00,2480737.600000001
1163,"Romney, Mitt",2012-09-19 00:00:00,2510959.1900000004
1164,"Romney, Mitt",2012-09-20 00:00:00,2215730.3000000007
1165,"Romney, Mitt",2012-09-21 00:00:00,2570889.6300000004
1166,"Romney, Mitt",2012-09-22 00:00:00,572950.7400000001
1167,"Romney, Mitt",2012-09-23 00:00:00,685474.5599999999
1168,"Romney, Mitt",2012-09-24 00:00:00,3658568.1500000004
1169,"Romney, Mitt",2012-09-25 00:00:00,3745360.3800000004
1170,"Romney, Mitt",2012-09-26 00:00:00,2175218.5600000005
1171,"Romney, Mitt",2012-09-27 00:00:00,1969233.6100000003
1172,"Romney, Mitt",2012-09-28 00:00:00,2636000.690000001
1173,"Romney, Mitt",2012-09-29 00:00:00,8673131.420000002
1174,"Romney, Mitt",2012-09-30 00:00:00,1247001.5900000005
1175,"Romney, Mitt",2012-10-01 00:00:00,1054750.0999999999
1176,"Romney, Mitt",2012-10-02 00:00:00,784744.1399999999
1177,"Romney, Mitt",2012-10-03 00:00:00,1759763.2500000005
1178,"Romney, Mitt",2012-10-04 00:00:00,5978077.800000003
1179,"Romney, Mitt",2012-10-05 00:00:00,3337063.3600000017
1180,"Romney, Mitt",2012-10-06 00:00:00,1543120.3000000007
1181,"Romney, Mitt",2012-10-07 00:00:00,1352556.6900000002
1182,"Romney, Mitt",2012-10-08 00:00:00,4357782.2
1183,"Romney, Mitt",2012-10-09 00:00:00,4654520.840000003
1184,"Romney, Mitt",2012-10-10 00:00:00,3071577.3500000006
1185,"Romney, Mitt",2012-10-11 00:00:00,3062683.560000001
1186,"Romney, Mitt",2012-10-12 00:00:00,3533122.820000001
1187,"Romney, Mitt",2012-10-13 00:00:00,806594.7499999999
1188,"Romney, Mitt",2012-10-14 00:00:00,844163.3999999999
1189,"Romney, Mitt",2012-10-15 00:00:00,6655066.400000002
1190,"Romney, Mitt",2012-10-16 00:00:00,4085740.7100000014
1191,"Romney, Mitt",2012-10-17 00:00:00,8354314.150000004
1192,"Romney, Mitt",2012-10-18 00:00:00,2459694.39
1193,"Romney, Mitt",2012-10-19 00:00:00,2113269.9800000014
1194,"Romney, Mitt",2012-10-20 00:00:00,1020594.49
1195,"Romney, Mitt",2012-10-21 00:00:00,1059807.1199999999
1196,"Romney, Mitt",2012-10-22 00:00:00,4866003.980000001
1197,"Romney, Mitt",2012-10-23 00:00:00,4251243.020000002
1198,"Romney, Mitt",2012-10-24 00:00:00,2817335.930000001
1199,"Romney, Mitt",2012-10-25 00:00:00,3482789.890000001
1200,"Romney, Mitt",2012-10-26 00:00:00,3529339.250000002
1201,"Romney, Mitt",2012-10-27 00:00:00,1279708.5400000003
1202,"Romney, Mitt",2012-10-28 00:00:00,945033.8899999999
1203,"Romney, Mitt",2012-10-29 00:00:00,2204747.06
1204,"Romney, Mitt",2012-10-30 00:00:00,1346886.9100000004
1205,"Romney, Mitt",2012-10-31 00:00:00,3755202.6500000004
1206,"Romney, Mitt",2012-11-01 00:00:00,1889736.2499999995
1207,"Romney, Mitt",2012-11-02 00:00:00,2183385.64
1208,"Romney, Mitt",2012-11-03 00:00:00,782664.3899999998
1209,"Romney, Mitt",2012-11-04 00:00:00,938989.99
1210,"Romney, Mitt",2012-11-05 00:00:00,859177.09
1211,"Romney, Mitt",2012-11-06 00:00:00,793828.22
1212,"Romney, Mitt",2012-11-07 00:00:00,42718.0
1213,"Romney, Mitt",2012-11-08 00:00:00,48555.259999999995
1214,"Romney, Mitt",2012-11-09 00:00:00,59930.29
1215,"Romney, Mitt",2012-11-12 00:00:00,42376.1
1216,"Romney, Mitt",2012-11-13 00:00:00,219.77000000000044
1217,"Romney, Mitt",2012-11-14 00:00:00,4223.0
1218,"Romney, Mitt",2012-11-15 00:00:00,37772.0
1219,"Romney, Mitt",2012-11-16 00:00:00,60666.0
1220,"Romney, Mitt",2012-11-19 00:00:00,-173547.02000000002
1221,"Romney, Mitt",2012-11-20 00:00:00,429.4499999999998
1222,"Romney, Mitt",2012-11-21 00:00:00,3335.0
1223,"Romney, Mitt",2012-11-26 00:00:00,9596.0
1224,"Romney, Mitt",2012-11-27 00:00:00,-6020.0
1225,"Romney, Mitt",2012-11-28 00:00:00,27988.75
1226,"Romney, Mitt",2012-11-29 00:00:00,337.0
1227,"Romney, Mitt",2012-11-30 00:00:00,-83565.0
1228,"Romney, Mitt",2012-12-01 00:00:00,2050.0
1229,"Romney, Mitt",2012-12-02 00:00:00,0.0
1230,"Romney, Mitt",2012-12-03 00:00:00,10271.0
1231,"Romney, Mitt",2012-12-04 00:00:00,-34840.56
1232,"Romney, Mitt",2012-12-05 00:00:00,-3551.0
1233,"Romney, Mitt",2012-12-06 00:00:00,-872.0
1234,"Romney, Mitt",2012-12-07 00:00:00,-3025.0
1235,"Romney, Mitt",2012-12-09 00:00:00,-200.0
1236,"Romney, Mitt",2012-12-10 00:00:00,15118.12
1237,"Romney, Mitt",2012-12-11 00:00:00,-2790.0
1238,"Romney, Mitt",2012-12-12 00:00:00,325.0
1239,"Romney, Mitt",2012-12-13 00:00:00,-257592.0
1240,"Romney, Mitt",2012-12-14 00:00:00,49401.0
1241,"Romney, Mitt",2012-12-17 00:00:00,2612.0
1242,"Romney, Mitt",2012-12-18 00:00:00,-2500.0
1243,"Romney, Mitt",2012-12-19 00:00:00,0.0
1244,"Romney, Mitt",2012-12-20 00:00:00,-500.0
1245,"Romney, Mitt",2012-12-21 00:00:00,-505.0
1246,"Romney, Mitt",2012-12-22 00:00:00,-50.0
1247,"Romney, Mitt",2012-12-26 00:00:00,235.0
1248,"Romney, Mitt",2012-12-27 00:00:00,-1200.0
1249,"Romney, Mitt",2012-12-31 00:00:00,-163960.0
