"Candidate","contbr_st","state_name","census_region","economic_region","population","pop_density","winner","obama_total","romney_total","electoral_votes","males","females","sex_ratio","under_18_count","under_18_pct","eighteen_to_forty_four_count","eighteen_to_forty_four_pct","forty_five_to_sixty_four_count","forty_five_to_sixty_four_pct","sixty_five_over_count","sixty_five_over_pct","median_age","total_households","husband_wife_household","husband_wife_child_under_18","female_household","female_child_under_18","male_household","male_child_under_18","one_person_nonfamily","one_person_sixty_five_older","one_person_at_least_two","avg_per_family","avg_per_household","eighty_five_over_count","eighty_five_over_pct","Dollars","amount.scale","logDollars","logDollars.scale","dollarsPop","dollarsDensity","dollarsElecVotes","logDollarsPop","logDollarsDensity","logDollarsElecVotes","dollarsPop.scale","dollarsDensity.scale","dollarsElecVotes.scale","logDollarsPop.scale","logDollarsDensity.scale","logDollarsElecVotes.scale","sumDollars","pctDollars","population.scale","pop_density.scale","males.scale","females.scale","sex_ratio.scale","under_18_count.scale","under_18_pct.scale","eighteen_to_forty_four_count.scale","eighteen_to_forty_four_pct.scale","forty_five_to_sixty_four_count.scale","forty_five_to_sixty_four_pct.scale","sixty_five_over_count.scale","sixty_five_over_pct.scale","median_age.scale","total_households.scale","husband_wife_household.scale","husband_wife_child_under_18.scale","female_household.scale","female_child_under_18.scale","male_household.scale","male_child_under_18.scale","one_person_nonfamily.scale","one_person_sixty_five_older.scale","one_person_at_least_two.scale","avg_per_family.scale","avg_per_householdy.scale","eighty_five_over_count.scale","eighty_five_over_pct.scale","State","Obama","McCain","Nader","Barr","Baldwin","McKinney","Others","Total","Obama.Pct","McCain.Pct","O.Rounded","M.Rounded","DemMargin","DemMargin.scale","Winner2008","census_region_num","economic_region_num","winner_binary"
"Obama, Barack","AK","Alaska","West","Far West",710231,1.2,"Romney",122640,164676,3,369628,340603,108.5,187378,26.4,270980,38.2,196935,27.7,54938,7.7,33.8,258058,49.4,22.7,10.7,6.8,6,3.5,25.6,5.4,8.2,3.21,2.65,4711,0.7,1357325.22,-0.495645815356789,6.13268391864654,-0.907868134272353,1.91110388028684,1131104.35,452441.74,8.63477364216226e-06,5.11056993220545,2.04422797288218,0.411072373861732,6.01816705131677,-0.366925999750243,2.28064005704183,6.71483304705911,1.9408577413547,1357325.22,0.632367957310361,-0.752428280233923,-0.725790680000121,-0.743502934069406,-0.761062605776836,3.26349946631591,-0.722792097070166,1.09212541899246,-0.719276246361365,1.41741405833139,-0.779161910683732,0.395103816374706,-0.839354357827803,-3.25846498291604,-1.64077104939034,-0.808744351583685,0.0617173281362295,0.875802581598776,-0.687593939117249,-0.130190353590326,1.93745196905463,2.7735398320658,-0.733793350251074,-3.17271360291087,1.11750221067415,0.790360161837898,0.666127111292686,-0.719276246361365,1.41741405833139,"Alabama","813,479","1,266,546","6,788","4,991","4,310","0","3,705","2,099,819",38.74,60.32,39,60,-21.58,-1.17119616669025,0,4,1,0
"Obama, Barack","AL","Alabama","South","Southeast",4779736,94.4,"Romney",795696,1255925,9,2320188,2459548,94.3,1132459,23.7,1707598,35.7,1281887,26.8,657792,13.8,37.9,1883791,47.9,18.5,15.3,8.1,4.6,2,27.4,9.8,4.8,3.02,2.48,75684,1.6,2261116.67,-0.447333750460571,6.35432297182345,-0.515875626296781,0.473063087584754,23952.5070974576,251235.185555556,1.32942969482487e-06,0.0673127433455874,0.706035885758161,-0.807305175495918,-0.429980679694343,-0.644866749347324,-0.491217180081126,-0.232026180803635,-0.445489912283295,2261116.67,0.336735982835494,-0.24733555593725,-0.408780805323894,-0.254215489770372,-0.240563553545567,-1.00955479784244,-0.250857289074404,-0.152789069378912,-0.253393828395142,-0.199046518030434,-0.244227399911853,-0.0963667844816354,-0.219661075049271,0.246750978996754,0.0946119876734925,-0.230016777604723,-0.410420232105928,-0.546463627487333,1.21240062056363,1.03624484141489,-0.460018925061497,-1.2756166021524,0.11566729985042,0.163541938294376,-1.86364984057044,-0.427221709101569,-0.356053783381222,-0.253393828395142,-0.199046518030434,"Alaska","123,594","193,841","3,783","1,589","1,660","0","1,730","326,197",37.89,59.42,38,59,-21.53,-1.16893227373533,0,3,7,0
"Obama, Barack","AR","Arkansas","South","Southeast",2915918,56,"Romney",394409,647744,6,1431637,1484281,96.5,711475,24.4,1026205,35.2,758257,26,419981,14.4,37.4,1147084,49.5,18.9,13.4,7.7,4.7,2.4,27.1,10.1,5.3,3,2.47,51402,1.8,1269447.73,-0.500343296174733,6.10361482333505,-0.959279956387641,0.435350970089008,22668.7094642857,211574.621666667,2.09320523531013e-06,0.108993121845269,1.01726913722251,-0.839256701161069,-0.437457627728601,-0.69965267263475,-0.201418811285199,-0.174613340022699,0.109520647495361,1269447.73,0.387233390272051,-0.478666125923815,-0.539394315920108,-0.477103710547662,-0.480128784909492,-0.347532306212272,-0.461079485065317,0.169966538717369,-0.474363507478418,-0.522338633302798,-0.502402653633197,-0.533229540798384,-0.464114755825787,0.591526319512766,-0.117020090017218,-0.492269346042049,0.0931931654857072,-0.411009702812466,0.42762025895631,0.677341704490206,-0.288771004053201,-0.195841553027547,-0.0259094751664943,0.391013907012914,-1.42524512715211,-0.555388221832039,-0.416182071303216,-0.474363507478418,-0.522338633302798,"Arizona","1,034,707","1,230,111","11,301","12,555","1,371","3,406","24","2,293,475",45.12,53.64,45,54,-8.52,-0.579867326865121,0,3,7,0
"Obama, Barack","AZ","Arizona","West","Southwest",6392017,56.3,"Romney",1025232,1233654,11,3175823,3216194,98.7,1629014,25.5,2312398,36.2,1568774,24.5,881831,13.8,35.9,2380990,48.1,19.5,12.4,7.1,5.6,3,26.1,9.1,7.7,3.19,2.63,103400,1.6,6499179.91,-0.220788582009201,6.81285855925339,0.295093886234256,1.01676511655085,115438.364298401,590834.537272727,1.06583861702079e-06,0.121009921123506,0.619350778113944,-0.346654581302567,0.10284083554004,-0.175754305970063,-0.591231202955241,-0.15806074121021,-0.600072206725574,6499179.91,0.445232369442259,-0.0472248784416421,-0.538373897868575,-0.0395840698690079,-0.0547005293167262,0.314490185417896,-0.00289802570508931,0.677153922868669,-0.0572625768126247,0.12424559724193,-0.102778048243013,-1.35234720889229,0.0106359178883545,0.246750978996754,-0.751916323089351,-0.0530241404036785,-0.347468557406973,-0.207828815800164,0.0145779633735105,0.138986999103185,1.25246028502145,1.42382102065973,-0.497832058556214,-0.367225988715551,0.679097497255832,0.662193649107428,0.545870535448697,-0.0572625768126247,0.12424559724193,"Arkansas","422,310","638,017","12,882","4,776","4,023","3,470","1,139","1,086,617",38.86,58.72,39,59,-19.86,-1.093318249041,0,4,8,0
"Obama, Barack","CA","California","West","Far West",37253956,239.1,"Obama",7854285,4839958,55,18517830,18736126,98.8,9295040,25,14423538,38.7,9288864,24.9,4246514,11.4,35.2,12577498,49.4,23.4,13.3,6.8,6,2.8,23.3,8.1,8,3.45,2.9,600968,1.6,91686595.05,4.33289460296094,7.96230584470631,2.32801506033245,2.46112372737005,383465.474905897,1667029.00090909,2.13730478575384e-07,0.0333011536792401,0.144769197176478,0.877075728417579,1.66385382232447,1.31086871563686,-0.914545495531723,-0.278875610979406,-1.44637570308228,91686595.05,0.666141601922955,3.78325102626611,0.0834008348654847,3.80887554964944,3.75762583908535,0.344582116855629,3.82520190266139,0.446614202799897,3.87027222194909,1.74070617360375,3.70360469243572,-1.13391583073391,3.46930327976887,-1.13235038306729,-1.04820123185634,3.57672338757113,0.0617173281362295,1.11284694977979,0.38631602939803,-0.130190353590326,1.93745196905463,0.883933496097306,-1.81921529204743,-1.12546588444402,0.942140325306825,2.32835831460354,2.16933430934255,3.87027222194909,1.74070617360375,"California","8,274,473","5,011,781","108,381","67,582","3,145","38,774","57,764","13,561,900",61.01,36.95,61,37,24.06,0.895285322560811,1,4,1,1
"Obama, Barack","CO","Colorado","West","Rocky Mountain",5029196,48.5,"Obama",1323102,1185243,9,2520662,2508534,100.5,1225609,24.4,1913620,38.1,1340342,26.7,549625,10.9,36.1,1972868,49.2,21.4,10.1,6,4.6,2.5,27.9,7.8,8.1,3.08,2.49,69613,1.4,11084869.29,0.0243389005759245,7.04473057638903,0.705184491764003,2.20410365593228,228554.005979381,1231652.14333333,1.40076675802435e-06,0.145252176832764,0.782747841821004,0.659315921906334,0.7616360793206,0.709452074484454,-0.464149850147038,-0.124668127771803,-0.308692364219793,11084869.29,0.536294587767507,-0.216373453420347,-0.564904767208431,-0.203927669293993,-0.228530600084009,0.856144951297123,-0.204341987883496,0.169966538717369,-0.18658272933176,1.35275563527691,-0.215406219963644,-0.15097462902123,-0.33084946115653,-1.41966316683064,-0.667263492013066,-0.198307194230747,-0.00123434656272347,0.435577326405456,-0.935419316466929,-0.847996627439686,-0.460018925061497,0.0741022092536661,0.35162859154528,-1.35293785316255,1.02982126799049,-0.0427221709101577,-0.295925495459226,-0.18658272933176,1.35275563527691,"Colorado","1,288,576","1,073,589","13,350","10,897","6,233","2,822","5,894","2,401,361",53.66,44.71,54,45,8.95,0.211136871583959,1,4,6,1
"Obama, Barack","CT","Connecticut","Northeast","New England",3574097,738.1,"Obama",905083,634892,7,1739614,1834483,94.8,817015,22.9,1231474,34.5,1019049,28.5,506559,14.2,40,1371087,49,20.9,12.9,7.1,4.4,1.9,27.3,10.6,6.5,3.08,2.52,84898,2.4,8308962.42,-0.12404687232478,6.91954679473446,0.483783507482246,2.32477250057847,11257.2312965723,1186994.63142857,1.93602658090546e-06,0.00937480936828947,0.988506684962066,0.761552389724184,-0.503919059849525,0.647763515837737,-0.261056905517797,-0.311833070720444,0.0582296474027695,8308962.42,0.445389422237585,-0.396975250943969,1.78069619391524,-0.399849342964566,-0.394104933847056,-0.859095140653765,-0.408377124488951,-0.521652621488949,-0.407796599606243,-0.97494759468411,-0.373819415910957,0.831966572691455,-0.375118406732308,0.476601206007428,0.983466713974479,-0.412528876509838,-0.0641860212616787,0.266259920561872,0.22109911116491,0.138986999103185,-0.802514767078084,-1.54556036443361,0.0684750415114493,0.770133854877146,-0.373073814948141,-0.0427221709101577,-0.115540631693244,-0.407796599606243,-0.97494759468411,"Connecticut","997,772","629,428","19,162","","311","90","29","1,646,792",60.59,38.22,61,38,22.37,0.818765740684513,1,2,4,1
"Obama, Barack","DC","Wyoming","South","Mideast",37253956,1195.5,"Obama",267070,21381,55,18517830,18736126,108.5,9295040,31.5,14423538,39.7,9288864,30.9,4246514,17.3,42.7,12577498,61,31.7,18.5,10,6.6,3.5,31.5,11.6,9.3,3.56,3.1,600968,2.5,13777674.38,0.168282477671003,7.13917591647069,0.872221235490136,0.369831176586991,11524.6126139691,250503.170545455,1.91635377366921e-07,0.00597170716559656,0.129803198481285,-0.894768231742485,-0.502361808018045,-0.645877933109133,-0.922929011301978,-0.316520690458013,-1.47306400606528,13777674.38,0.826921378987332,3.78325102626611,3.33649358315244,3.80887554964944,3.75762583908535,3.26349946631591,3.82520190266139,3.44363056369394,3.87027222194909,2.38729040414848,3.70360469243572,2.1425548416417,3.46930327976887,2.25794046534016,2.12627993350432,3.57672338757113,3.71291446067558,3.9235158867833,2.53413596642859,2.74103474180712,2.96493949510439,2.7735398320658,2.05054989174827,1.52837375060561,2.08199258019446,3.03327413462113,3.37190006778245,3.87027222194909,2.38729040414848,"Delaware","255,459","152,374","2,401","1,109","626","385","58","412,412",61.94,36.95,62,37,24.99,0.937393731522325,1,3,3,1
"Obama, Barack","DE","Delaware","South","Mideast",897934,460.8,"Obama",242584,165484,3,434939,462995,93.9,205765,22.9,318409,35.5,244483,27.2,129277,14.4,38.8,342297,48.3,18.3,14.2,7.6,5,2.4,25.6,9.7,7,3.06,2.55,15744,1.8,1334899.86,-0.496844560319071,6.12544868751286,-0.92066441884957,1.48663471925554,2896.91809895833,444966.62,6.82171372006501e-06,0.0132930744086651,2.04181622917095,0.0514416187261551,-0.552610244280387,-0.377251908177355,1.59271306789103,-0.306435837417913,1.93655696943874,1334899.86,0.623163652203408,-0.729131240513205,0.837489774948313,-0.727120022354507,-0.730998153891256,-1.12992252359338,-0.713610381095961,-0.521652621488949,-0.703895444226267,-0.328363364139382,-0.755718416300403,0.122064593676738,-0.762938875889434,0.591526319512766,0.475549727516771,-0.778756996892347,-0.28451688270802,-0.614190589824767,0.758054095422549,0.587615920259035,0.224972758971682,-0.195841553027547,-0.733793350251074,0.087717948721528,0.0653308984701811,-0.170888683640628,0.0648442320727391,-0.703895444226267,-0.328363364139382,"District of Columbia","245,800","17,367","958","","","590","1,138","265,853",92.46,6.53,92,7,85.93,3.69662646497893,1,3,3,1
"Obama, Barack","FL","Florida","South","Southeast",18801310,350.6,"Obama",4237756,4163447,29,9189355,9611955,95.6,4002091,21.3,6460456,34.4,5079161,27,3259602,17.3,40.7,7420802,46.6,16.6,13.5,7.1,5,2.3,27.2,11.1,7.6,3.01,2.48,434125,2.3,22720997.57,0.646346759362466,7.35642739524477,1.25645384614869,1.20847949265237,64806.0398459783,783482.674827586,3.91272065363784e-07,0.0209823941678402,0.253669910180854,-0.184224911075821,-0.192046184814628,0.0903641010983477,-0.847181120113221,-0.295844146388749,-1.25217715456447,22720997.57,0.400174670229939,1.49297315742897,0.46265621068522,1.46887796333708,1.51635843578039,-0.618359689151887,1.18211959538153,-1.25937972570902,1.28791567579464,-1.03960601773858,1.62801479094707,0.0128489045975514,2.45482425650034,2.25794046534016,1.27975162274148,1.74104547131612,-0.819606117649131,-1.18986976969295,0.46892448851459,0.138986999103185,0.224972758971682,-0.465785315308761,0.0212827831724766,1.14925380274138,0.591416554572167,-0.491304965466805,-0.356053783381222,1.28791567579464,-1.03960601773858,"Florida","4,282,074","4,045,624","28,124","17,218","7,915","2,887","6,902","8,390,744",51.03,48.22,51,48,2.81,-0.0668691832802279,1,3,7,1
"Obama, Barack","GA","Georgia","South","Southeast",9687653,168.4,"Romney",1773827,2078688,16,4729171,4958482,95.4,2491552,25.7,3703257,38.2,2460809,25.4,1032035,10.7,35.3,3585584,47.8,21.1,15.8,8.9,4.9,2.2,25.4,7.5,6.1,3.17,2.63,113823,1.2,9568889.48,-0.0566976205839924,6.98086153854035,0.59222522772893,0.987740733488287,56822.3840855107,598055.5925,7.20593681311701e-07,0.0414540471409759,0.436303846158772,-0.371245439146686,-0.238543683876791,-0.165779355063062,-0.722227043879895,-0.267645368091229,-0.926492920747012,9568889.48,0.437302208095282,0.361817932792203,-0.157077685945774,0.350064888905404,0.373276248142771,-0.678543552027353,0.427818183190284,0.769369810896178,0.393780605139769,1.41741405833139,0.3370389264401,-0.860876608035946,0.165035506920635,-1.53458828033598,-1.0058748163182,0.37578659496899,-0.441896069455406,0.333986882899306,1.41892176835503,1.75405111526425,0.0537248379633878,-0.735729077589973,-0.828177866929019,-1.58040982188109,-0.723797585682799,0.534027136376957,0.545870535448697,0.393780605139769,1.41741405833139,"Georgia","1,844,137","2,048,744","1,123","28,812","1,305","249","62","3,924,432",46.99,52.2,47,52,-5.21,-0.429997613249411,0,3,7,0
"Obama, Barack","HI","Hawaii","West","Far West",1360301,211.8,"Obama",306658,121015,4,681243,679058,100.3,303818,22.3,492018,36.2,369327,27.2,195138,14.3,38.6,455338,50.5,20.1,12.6,5.2,5.8,2.4,23.3,8.1,7.7,3.42,2.89,30238,2.2,2541120.98,-0.432366153238954,6.40502534182947,-0.426203030722652,1.868057863664,11997.7383380548,635280.245,4.70853534756607e-06,0.0302409128509418,1.60125633545737,0.374601711479481,-0.499606283034003,-0.114358327314199,0.790912521966317,-0.283090954643518,1.15092306921901,2541120.98,0.791309146226925,-0.671743865966453,-0.00945720782401099,-0.665335993829043,-0.677924295569193,0.795961088421652,-0.664646722183753,-0.798300285571475,-0.647595592281841,0.12424559724193,-0.694164205549325,0.122064593676738,-0.695238206577998,0.534063762760097,0.390896896440489,-0.73851672146572,0.407951538980479,-0.00464792878786248,0.0971864224900701,-1.56580290128905,1.59495612703804,-0.195841553027547,-1.81921529204743,-1.12546588444402,0.679097497255832,2.13610854550784,2.10920602142056,-0.647595592281841,0.12424559724193,"Hawaii","325,871","120,566","3,825","1,314","1,013","979","","453,568",71.85,26.58,72,27,45.27,1.85562871403791,1,4,1,1
"Obama, Barack","IA","Iowa","Midwest","Plains",3046355,54.5,"Obama",822544,730617,6,1508319,1538036,98.1,727993,23.9,1052998,34.6,812476,26.7,452888,14.9,38.1,1221576,51.2,20,9.3,5.9,4.2,2.5,28.4,11.1,6.9,2.97,2.41,74658,2.5,2530390.92,-0.432939727325166,6.40318762049754,-0.429453238587807,0.830629036996673,46429.1911926605,421731.82,2.10191774120139e-06,0.117489681110047,1.06719793674959,-0.504358049524861,-0.29907453481617,-0.40934776979861,-0.198113036405572,-0.162909712996898,0.198556799141183,2530390.92,0.531170230110848,-0.462476741790097,-0.544496406177773,-0.45786844487845,-0.466924371131555,0.133938596791484,-0.452831071269596,-0.0605731813514036,-0.46567477628852,-0.910289171629636,-0.475670029296322,-0.15097462902123,-0.430288577586291,0.878839103276109,0.179264818749778,-0.465751723258455,0.62828240042682,-0.0385114099565799,-1.26585315293317,-0.937722411670856,-1.14501060909467,0.0741022092536661,0.58758988324014,1.14925380274138,-0.022350044213483,-0.747637990927743,-0.776951798835184,-0.46567477628852,-0.910289171629636,"Idaho","236,440","403,012","7,175","4,747","3,658","","","655,032",36.1,61.53,36,62,-25.43,-1.3455159242191,0,1,5,1
"Obama, Barack","ID","Idaho","West","Rocky Mountain",1567582,19,"Romney",212787,420911,4,785324,782258,100.4,429072,27.4,554992,35.4,388850,24.8,194668,12.4,34.6,579408,55.3,24,9.6,5.9,4.7,2.8,23.8,8.8,6.6,3.16,2.66,25242,1.6,981867.28,-0.515715875062577,5.9920527877268,-1.15658941745104,0.626357842843309,51677.2252631579,245466.82,3.82248124036051e-06,0.315371199354042,1.4980131969317,-0.677426461909249,-0.268509532191751,-0.652834997950794,0.454718154220578,0.109663150047503,0.966813460631772,981867.28,0.273875565406342,-0.646016873375232,-0.665245875609168,-0.639227836945846,-0.652574179265907,0.82605301985939,-0.602099996092866,1.55320485913,-0.627173685143684,-0.393021787193855,-0.684538409704163,-1.18852367527351,-0.695721334902444,-0.557724815540608,-1.3021597250852,-0.694350348449013,1.91879173175538,1.3160278367921,-1.14194046425833,-0.937722411670856,-0.288771004053201,0.883933496097306,-1.58325400035257,-0.594697957434089,-0.285392872264477,0.469943880011724,0.726255399214682,-0.627173685143684,-0.393021787193855,"Illinois","3,419,673","2,031,527","30,952","19,645","8,256","11,838","1,160","5,523,051",61.92,36.78,62,37,25.14,0.944185410387086,1,4,6,0
"Obama, Barack","IL","Illinois","Midwest","Great Lakes",12830632,231.1,"Obama",3019512,2135216,20,6292276,6538356,96.2,3129179,24.4,4748154,37,3344086,26.1,1609213,12.5,36.6,4836972,48.2,21,12.9,6.9,4.7,2.2,27.8,9.7,6.4,3.2,2.59,234912,1.8,90697919.97,4.28004509367843,7.9575973272375,2.31968754067835,7.06885833605079,392461.791302466,4534895.9985,6.20203067723982e-07,0.0344335669720359,0.397879866361875,4.7809708259038,1.71624914418739,5.27245488392063,-0.760318124986864,-0.277315762762625,-0.99501295977132,90697919.97,0.864553362869737,0.751913491224305,0.0561896868246069,0.742161338448633,0.761357543147985,-0.437808100525475,0.746223035068498,0.169966538717369,0.732631392813078,0.641512981677711,0.772537777883346,-0.47862169625879,0.758335592127911,-0.500262258787939,-0.455631414322355,0.82125503372639,-0.315992720057495,0.300123401730589,0.22109911116491,-0.040464569359155,-0.288771004053201,-0.735729077589973,0.304436333206309,0.087717948721528,-0.460754757631805,0.726276905472664,0.305357383760718,0.732631392813078,0.641512981677711,"Indiana","1,374,039","1,345,648","909","29,257","1024","87","90","2,751,054",49.95,48.91,50,49,1.04000000000001,-0.147010993884399,1,1,2,1
"Obama, Barack","IN","Indiana","Midwest","Great Lakes",6483802,181,"Romney",1152887,1420543,11,3189737,3294065,96.8,1608298,24.8,2318485,35.8,1715911,26.5,841108,13,37,2502154,49.6,19.9,12.4,7.3,4.9,2.6,26.9,9.5,6.2,3.05,2.52,115272,1.8,3933540.76,-0.357934518845712,6.59478365475972,-0.0905950413879665,0.606671943406045,21732.2693922652,357594.614545455,1.01711675568744e-06,0.0364352688108272,0.599525786796339,-0.694105305816179,-0.442911535396583,-0.4979449977086,-0.609717675996962,-0.274558508795694,-0.635425368629137,3933540.76,0.480296872676057,-0.0358328453320698,-0.114220127781391,-0.0360938180951703,-0.0355722453375284,-0.257256511899068,-0.0132427490488452,0.354398314772388,-0.0552886169442669,-0.134388094975965,-0.0302322958858192,-0.260190318100416,-0.0312245815934274,-0.212949475024596,-0.286325752169787,-0.00989224373086263,0.124669002835185,-0.0723748911252972,0.0145779633735105,0.318438567565525,0.0537248379633878,0.34404597153488,-0.12029399184444,-0.0639300304241645,-0.636116642999134,-0.234971940005865,-0.115540631693244,-0.0552886169442669,-0.134388094975965,"Iowa","828,940","682,379","8,014","4,590","4,445","1,423","7,332","1,537,123",53.93,44.39,54,44,9.54,0.237850808452017,1,1,2,0
"Obama, Barack","KS","Kansas","Midwest","Plains",2853118,34.9,"Romney",440726,692634,6,1415408,1437710,98.4,726939,25.5,1012552,35.5,737511,25.8,376116,13.2,36,1112096,51.1,21.3,10.4,6.5,4.5,2.6,27.8,9.9,6.2,3.06,2.49,59318,2.1,1965509.62,-0.46313539030058,6.29347517377437,-0.623491502741678,0.688898818765996,56318.3272206304,327584.936666667,2.20582365460327e-06,0.180328801540813,1.04891252896239,-0.624438729317922,-0.241479354490009,-0.539399474118812,-0.158688149621446,-0.0763516598800524,0.165949118682866,1965509.62,0.411128718638706,-0.486460642231285,-0.611163718877923,-0.48117466757207,-0.491568516172674,0.224214391104692,-0.453357395772604,0.677153922868669,-0.478791053738101,-0.328363364139382,-0.512631448419024,-0.642445229877571,-0.509205019553124,-0.098024361519259,-0.709589907551208,-0.504724355787423,0.596806563077342,0.40171384523674,-0.811506627792088,-0.399367706283836,-0.631266846069791,0.34404597153488,0.304436333206309,0.239365927867222,-0.636116642999134,-0.170888683640628,-0.295925495459226,-0.478791053738101,-0.328363364139382,"Kansas","514,765","699,655","10,527","6,706","4,148","35","36","1,235,872",41.65,56.61,42,57,-14.96,-0.871456739458829,0,1,5,0
"Obama, Barack","KY","Kentucky","South","Southeast",4339367,109.9,"Romney",679370,1087190,8,2134952,2204415,96.8,1023371,23.6,1555679,35.9,1182090,27.2,578227,13.3,38.1,1719965,49.3,19.1,12.7,7.1,4.8,2.4,27.5,9.8,5.6,2.98,2.45,69208,1.6,2459861.8,-0.436709853079856,6.39091070824835,-0.451166278567802,0.566871112768291,22382.7279344859,307482.725,1.4727748789739e-06,0.0581520537602215,0.798863838531044,-0.727826490041911,-0.439123208799807,-0.567168071392492,-0.436827901635854,-0.244644617380746,-0.279953312999057,2459861.8,0.405438976052819,-0.301992615679357,-0.356059205994693,-0.300680940221614,-0.303234592526248,-0.257256511899068,-0.305331375776646,-0.198897013392666,-0.302659806584897,-0.0697296719214912,-0.293432212080043,0.122064593676738,-0.301448532782444,-0.0405618047665895,0.179264818749778,-0.288335470486443,0.0302414907867519,-0.343282740475031,0.13849065204835,0.138986999103185,-0.117523083044908,-0.195841553027547,0.162859558189393,0.163541938294376,-1.16220229910112,-0.683554734562509,-0.536438647147205,-0.302659806584897,-0.0697296719214912,"Kentucky","751,985","1,048,462","15,378","5,989","4,694","","","1,826,508",41.17,57.4,41,57,-16.23,-0.928959620513799,0,3,7,0
"Obama, Barack","LA","Louisiana","South","Southeast",4533372,104.9,"Romney",809141,1152262,8,2219292,2314080,95.9,1118015,24.7,1667563,36.8,1189937,26.2,557857,12.3,35.8,1728360,44.4,17.6,17.2,9.3,5.5,2.6,26.9,8.9,6,3.1,2.55,65686,1.4,2446553.72,-0.437421234919775,6.38855475618565,-0.455333033228097,0.539676364525126,23322.7237368923,305819.215,1.40922799986095e-06,0.0609013799445724,0.798569344523206,-0.750867192981671,-0.433648592251677,-0.569465994626846,-0.460939412063779,-0.240857544610324,-0.280478473094813,2446553.72,0.326736720989386,-0.277913393764854,-0.373066173520242,-0.279524706600408,-0.276296409344079,-0.528083894838679,-0.258070032073884,0.308290370758633,-0.266376822206494,0.512196135568763,-0.289563256489356,-0.424013851719197,-0.322387519950479,-0.615187372293276,-0.794242738627494,-0.285347022824033,-1.51207453933763,-0.851234958005785,1.99718098217095,2.11295425218893,1.08121236401315,0.34404597153488,-0.12029399184444,-0.518873967861243,-0.811478528366463,0.0854443418203126,0.0648442320727391,-0.266376822206494,0.512196135568763,"Louisiana","782,989","1,148,275","6,997","","2,581","9,187","10,732","1,960,761",39.93,58.56,40,59,-18.63,-1.03762648234996,0,3,7,0
"Obama, Barack","MA","Massachusetts","Northeast","New England",6547629,839.4,"Obama",1921290,1188314,11,3166628,3381001,93.7,1418923,21.7,2410178,36.8,1815804,27.7,902724,13.8,39.1,2547075,46.3,19.7,12.5,6.8,4.2,1.8,28.7,10.6,8.3,3.08,2.48,145199,2.2,23963755.14,0.712778218049209,7.37955487334989,1.29735727907547,3.65991340376799,28548.6718370264,2178523.19454545,1.12705757662047e-06,0.00879146399017142,0.67086862484999,1.89274818745856,-0.403212220221695,2.01743158078,-0.568002972027477,-0.312636602658486,-0.508202366915612,23963755.14,0.667639291987474,-0.0279108613773422,2.12525735598286,-0.0418905859722448,-0.0142172287586282,-1.19010638646885,-0.107808880697029,-1.074947949654,-0.0255533939757555,0.512196135568763,0.0190198489874428,0.395103816374706,0.0321125138089122,0.246750978996754,0.6025289741312,0.00609871010393616,-0.914033629697564,-0.140101853462731,0.0558821929317903,-0.130190353590326,-1.14501060909467,-1.81550412671483,0.729166658257056,0.770133854877146,1.20518315335782,-0.0427221709101577,-0.356053783381222,-0.0255533939757555,0.512196135568763,"Maine","421,923","295,273","10,636","","","2,900","431","731,163",57.71,40.38,58,40,17.33,0.590565330828567,1,2,4,1
"Obama, Barack","MD","Maryland","South","Mideast",5773552,594.8,"Obama",1677844,971869,10,2791762,2981790,93.6,1352964,23.4,2114974,36.6,1597972,27.7,707642,12.3,38,2156411,47.6,20.4,14.6,7.6,4.8,2.2,26.1,8.7,6.8,3.15,2.61,98126,1.7,19001654.71,0.447529727376152,7.27879142201236,1.1191462759336,3.29115503073325,31946.2923839946,1900165.471,1.26071288905207e-06,0.0122373762979361,0.727879142201236,1.58031830012625,-0.383424185399539,1.63291650098064,-0.517290309117402,-0.307890013932756,-0.406537654037043,19001654.71,0.74346138082067,-0.123986590672526,1.29327650463302,-0.135923698050111,-0.112279683017846,-1.22019831790658,-0.14074610830037,-0.291112901420176,-0.121285421079203,0.382879289459821,-0.0883820032147375,0.395103816374706,-0.168418634679779,-0.615187372293276,0.136938403211635,-0.132969654111416,-0.504847744154359,0.0969425147182872,0.923271013655669,0.587615920259035,-0.117523083044908,-0.735729077589973,-0.497832058556214,-0.670521947006937,-0.110030986897148,0.405860623646487,0.425613959604707,-0.121285421079203,0.382879289459821,"Maryland","1,629,467","959,862","14,713","9,842","3,760","4,747","9,205","2,631,596",61.92,36.47,62,36,25.45,0.95822154670759,1,3,3,1
"Obama, Barack","ME","Maine","Northeast","New England",1328361,43.1,"Obama",401306,292276,4,650056,678305,95.8,274533,20.7,432072,32.5,410676,30.9,211080,15.9,42.7,557219,48.5,16.7,10,6,4.5,2.7,28.6,11.3,8.4,2.83,2.32,29136,2.2,2801895.15,-0.418426500873026,6.44745187947637,-0.351167134933763,2.10928742262081,65009.1682134571,700473.7875,4.85368953129185e-06,0.149592851031934,1.61186296986909,0.578983033877277,-0.190863147699838,-0.0243019068294369,0.845988186789139,-0.118689044911968,1.16983748172,2801895.15,0.811637029649205,-0.675708147031112,-0.583272292136023,-0.673159084390396,-0.678109262987569,-0.558175826276416,-0.679270453749784,-1.53602738979155,-0.667035545997723,-2.26811605577357,-0.673777121986267,2.1425548416417,-0.678850904985812,1.4534646708028,2.12627993350432,-0.702249176939927,-0.221565208009065,-1.15600628852424,-0.976723546025208,-0.847996627439686,-0.631266846069791,0.613989733816093,0.681974399918085,1.30090178188707,1.29286409604148,-1.64480358004104,-1.31810639013314,-0.667035545997723,-2.26811605577357,"Massachusetts","1,904,097","1,108,854","28,841","13,189","4,971","6,550","14,483","3,080,985",61.8,35.99,62,36,25.81,0.974521575983015,1,2,4,1
"Obama, Barack","MI","Michigan","Midwest","Great Lakes",9883640,174.8,"Obama",2564569,2115256,16,4848114,5035526,96.3,2344068,23.7,3416012,34.6,2762030,27.9,1361530,13.8,38.9,3872508,48,18.9,13.2,7.3,4.8,2.4,27.9,10.2,6.2,3.05,2.49,191881,1.9,9693587.25,-0.0500319160603949,6.98648452365333,0.602170081784,0.980770976077639,55455.3046338673,605849.203125,7.06873633970211e-07,0.0399684469316552,0.436655282728333,-0.377150553936681,-0.246505672397821,-0.155013493159799,-0.727432823757109,-0.269691715349868,-0.925866217121094,9693587.25,0.487472460021434,0.386143153613097,-0.135308767513071,0.379901098243881,0.392201387294616,-0.407716169087742,0.354170704061567,-0.152789069378912,0.300629610826244,-0.910289171629636,0.485555642635117,0.504319505453893,0.503734160672808,0.246750978996754,0.517876143054914,0.477925648821215,-0.378944394756451,-0.411009702812466,0.34501179983975,0.318438567565525,-0.117523083044908,-0.195841553027547,0.35162859154528,0.46683789658576,-0.636116642999134,-0.234971940005865,-0.295925495459226,0.300629610826244,-0.910289171629636,"Michigan","2,872,579","2,048,639","33,085","23,716","14,685","8,892","170","5,001,766",57.43,40.96,57,41,16.47,0.551626372003941,1,1,2,1
"Obama, Barack","MN","Minnesota","Midwest","Plains",5303925,66.6,"Obama",1546167,1320225,10,2632132,2671793,98.5,1284063,24.2,1899479,35.8,1437262,27.1,683121,12.9,37.4,2087227,50.8,21.2,9.5,5.9,4.3,2.3,28,9.7,7.4,3.05,2.48,106664,2,7117220.26,-0.187751308313281,6.85231040635276,0.364868721792721,1.34187799789778,106865.169069069,711722.026,1.29193199495709e-06,0.10288754363893,0.685231040635276,-0.0712032605540146,0.0529098078134295,-0.00876392473452481,-0.50544488400626,-0.18302349852063,-0.48259041065046,7117220.26,0.641339723762849,-0.182275051021702,-0.503339544765945,-0.175966021656385,-0.18842755127046,0.254306322542426,-0.175152450408312,0.0777506506898603,-0.191168529643645,-0.134388094975965,-0.167619909800604,0.0674567491371457,-0.193624570092022,-0.270412031777264,-0.117020090017218,-0.157597737860814,0.50237905102891,0.367850364068023,-1.18324469381661,-0.937722411670856,-0.97376268808638,-0.465785315308761,0.398820849884253,0.087717948721528,0.416054669204839,-0.234971940005865,-0.356053783381222,-0.191168529643645,-0.134388094975965,"Minnesota","1,573,354","1,275,409","30,152","9,174","6,787","5,174","10,319","2,910,369",54.06,43.82,54,44,10.24,0.269545309820898,1,1,5,1
"Obama, Barack","MO","Missouri","Midwest","Plains",5988927,87.1,"Romney",1223796,1482440,10,2933477,3055450,96,1425436,23.8,2113347,35.3,1611850,26.9,838294,14,37.9,2375611,48.4,18.9,12.3,7.1,4.6,2.5,28.3,10.1,6.4,3,2.45,113779,1.9,4752828.71,-0.314139578531672,6.67695216278155,0.0547288041816917,0.793602712138585,54567.4938002296,475282.871,1.11488287681275e-06,0.0766584634073657,0.667695216278155,-0.535728538575837,-0.251676359191314,-0.33537394077625,-0.572622402681953,-0.219152873093769,-0.513861387150672,4752828.71,0.413320805762756,-0.0972549991164529,-0.433610977911195,-0.100375255464987,-0.0941857918657131,-0.497991963400946,-0.104556554806998,-0.106681125365157,-0.121813042683576,-0.457680210248329,-0.0815394690376567,-0.041758939942043,-0.0341171839444755,0.361676092502091,0.0946119876734925,-0.0549389539803438,-0.253041045358542,-0.411009702812466,-0.0267262661847693,0.138986999103185,-0.460018925061497,0.0741022092536661,0.540397624901169,0.391013907012914,-0.460754757631805,-0.555388221832039,-0.536438647147205,-0.121813042683576,-0.457680210248329,"Mississippi","554,662","724,597","4,011","2,529","2,551","1,034","481","1,289,865",43,56.18,43,56,-13.18,-0.790862150263674,0,1,5,0
"Obama, Barack","MS","Mississippi","South","Southeast",2967297,63.2,"Romney",562949,710746,6,1441240,1526057,94.4,755555,25.5,1067034,36,764301,25.8,380407,12.8,36,1115768,45.4,17.8,18.5,10,5.2,2.4,26.3,9.5,4.6,3.11,2.58,44359,1.5,956550.22,-0.517069195505807,5.9807077759277,-1.17665429123749,0.322364165097056,15135.2882911392,159425.036666667,2.01554066745853e-06,0.0946314521507548,0.996784629321284,-0.9349845743024,-0.481332921759657,-0.771690558210086,-0.230886978153091,-0.194395892033973,0.0729913944558559,956550.22,0.272363332208668,-0.47228914418239,-0.514904282683318,-0.474694849847348,-0.469866900619898,-0.979462866404702,-0.439067735451841,0.677153922868669,-0.461123026541146,-0.00507124886701746,-0.499422665409658,-0.642445229877571,-0.504794160744187,-0.327874588529933,-0.709589907551208,-0.503417199168439,-1.19731616584286,-0.783507995668351,2.53413596642859,2.74103474180712,0.567468600988271,-0.195841553027547,-0.40344754187827,-0.0639300304241645,-2.03901172593777,0.149527598185546,0.245229095838725,-0.461123026541146,-0.00507124886701746,"Missouri","1,441,911","1,445,814","17,813","11,386","8,201","80","","2,925,205",49.29,49.43,49,49,-0.140000000000001,-0.200438867620513,0,3,7,0
"Obama, Barack","MT","Montana","West","Rocky Mountain",989415,6.8,"Romney",201839,267928,3,496667,492748,100.8,223563,22.6,330420,33.4,288690,29.2,146742,14.8,39.8,409607,49.2,17.8,9,5.4,4.5,2.6,29.7,10.7,7.5,2.91,2.35,20021,2,1115415.47,-0.508577072386304,6.0474366635454,-1.05863707524261,1.12734845337902,164031.686764706,371805.156666667,6.11213359767681e-06,0.889328921109617,2.0158122211818,-0.252963042364138,0.385852532636564,-0.478314977502468,1.32347799672409,0.900264015017902,1.89018499934029,1115415.47,0.48747269153929,-0.717776938820153,-0.706742876371507,-0.711635886843837,-0.723689607279128,0.946420745610327,-0.704722787638142,-0.659976453530211,-0.700000383937316,-1.68619024828331,-0.733922198663409,1.21422148446861,-0.744986032939521,0.821376546523441,0.898813882898193,-0.754796018672354,-0.00123434656272347,-0.783507995668351,-1.38976584160801,-1.38635133282671,-0.631266846069791,0.34404597153488,1.20108924164678,0.845957844449993,0.503735611888503,-1.13213752911915,-1.13772152636715,-0.700000383937316,-1.68619024828331,"Montana","231,667","242,763","3,686","1,355","","","10,638","490,109",47.27,49.53,47,50,-2.26,-0.296427928909125,0,4,6,0
"Obama, Barack","NC","North Carolina","South","Southeast",9535483,196.1,"Romney",2178391,2270395,15,4645492,4889991,95,2281635,23.9,3512362,36.8,2507407,26.3,1234079,12.9,37.4,3745155,48.4,19.6,13.7,7.8,4.6,2.3,27,9.1,6.3,3.01,2.48,147461,1.5,10390022.73,-0.0128040399770472,7.01661649765369,0.655461719197862,1.08961682696094,52983.2877613463,692668.182,7.35842798697632e-07,0.0357808082491264,0.467774433176913,-0.28493109692965,-0.260902911665181,-0.0350843380962478,-0.716441090926737,-0.275459998690432,-0.870372605725009,10390022.73,0.558144145981052,0.342931124726793,-0.0628590858542339,0.329074463565246,0.356452073571759,-0.798911277778295,0.322994216683661,-0.0605731813514036,0.331875057403584,0.512196135568763,0.360014024262813,-0.369406007179603,0.372723122206767,-0.270412031777264,-0.117020090017218,0.432590595199899,-0.253041045358542,-0.173965334631447,0.551532947631149,0.767067488721375,-0.460018925061497,-0.465785315308761,-0.073101733505467,-0.367225988715551,-0.54843570031547,-0.491304965466805,-0.356053783381222,0.331875057403584,0.512196135568763,"Nebraska","333,319","452,979","5,406","2,740","2,972","1,028","2,837","801,281",41.6,56.53,42,57,-14.93,-0.870098403685877,0,3,7,0
"Obama, Barack","ND","North Dakota","Midwest","Plains",672591,9.7,"Romney",124827,188163,3,339864,332727,102.1,149871,22.3,246767,36.7,178476,26.5,97477,14.5,37,281192,48.6,18.6,8.2,5.2,4.1,2.2,31.5,11,7.7,2.91,2.3,16688,2.5,277035.77,-0.553392559934977,5.44253584744235,-2.12846923966468,0.411893364615346,28560.3886597938,92345.2566666667,8.09189514495785e-06,0.561086169839417,1.81417861581412,-0.859131116418161,-0.403143980436316,-0.864352571072869,2.07465636863481,0.448124435327748,1.53061936919384,277035.77,0.329095975801811,-0.757100025358336,-0.696878835206689,-0.750969072763994,-0.762997271629595,1.33761585430088,-0.74152155924695,-0.798300285571475,-0.727128306537568,0.447537712514294,-0.788263102381004,-0.260190318100416,-0.795627132734968,0.648988876265434,-0.286325752169787,-0.800509122492297,-0.190089370659587,-0.512600146318616,-1.72019967807425,-1.56580290128905,-1.31625853010297,-0.735729077589973,2.05054989174827,1.07342981316853,0.679097497255832,-1.13213752911915,-1.43836296597713,-0.727128306537568,0.447537712514294,"Nevada","533,736","412,827","6,150","4,263","3,194","1,411","6,267","967,848",55.15,42.65,55,43,12.5,0.371873271383286,1,1,5,0
"Obama, Barack","NE","Nebraska","Midwest","Plains",1826341,23.8,"Romney",302081,475064,5,906296,920045,98.5,459221,25.1,648541,35.5,471902,25.8,246677,13.5,36.2,721130,50.8,21.2,9.8,6.2,4.2,2.3,28.7,10.4,6.5,3.04,2.46,39308,2.2,1067280.23,-0.511150135938382,6.02827846475146,-1.0925204107193,0.584381684471848,44843.7071428571,213456.046,3.30074091571698e-06,0.253289011124011,1.20565569295029,-0.712990688757065,-0.308308530535756,-0.697053729022,0.256754895380569,0.0241477368846846,0.445463311903208,1067280.23,0.340981008424534,-0.613900611508916,-0.648919186784641,-0.608882663912593,-0.618728089391092,0.254306322542426,-0.58704481825492,0.492722146813652,-0.596836577911057,-0.328363364139382,-0.643589703228092,-0.642445229877571,-0.642259588038313,0.0743633087387474,-0.624937076474923,-0.643900225803138,0.50237905102891,0.367850364068023,-1.05933200514177,-0.668545058977346,-1.14501060909467,-0.465785315308761,0.729166658257056,0.618485875731454,-0.373073814948141,-0.299055196371098,-0.476310359225212,-0.596836577911057,-0.328363364139382,"New Hampshire","384,826","316,534","3,503","2,217","226","40","3,624","710,970",54.13,44.52,54,45,9.61,0.241020258588905,1,1,5,0
"Obama, Barack","NH","New Hampshire","Northeast","New England",1316470,147,"Obama",369561,329918,4,649394,667076,97.3,287234,21.8,446764,33.9,404204,30.7,178268,13.5,41.1,518973,52.1,20.4,9.7,5.7,4.5,2.5,25.6,9.2,8,2.96,2.46,24761,1.9,2548931.6,-0.431948637472103,6.40635818143195,-0.42384576050779,1.93618662027999,17339.6707482993,637232.9,4.8663153595843e-06,0.0435806679008976,1.60158954535799,0.432323681501352,-0.468494408388128,-0.111660987777209,0.850778788543059,-0.264716043946734,1.15151726991125,2548931.6,0.581626732185196,-0.677184016352962,-0.229867506955122,-0.673325143516045,-0.680867561979522,-0.106796854710394,-0.672928093680801,-1.02884000564025,-0.662271061294928,-1.36289813301095,-0.676968135186589,2.03333915256251,-0.712579429627814,0.0743633087387474,1.44905728489404,-0.715863967803125,0.911564936572114,0.0969425147182872,-1.10063623470005,-1.1171739801332,-0.631266846069791,0.0741022092536661,-0.733793350251074,-0.291401999142704,0.942140325306825,-0.81172124729298,-0.476310359225212,-0.662271061294928,-1.36289813301095,"New Jersey","2,215,422","1,613,207","21,298","8,441","3,956","3,636","2,277","3,868,237",57.27,41.7,57,42,15.57,0.51087629881538,1,2,4,1
"Obama, Barack","NJ","New Jersey","Northeast","Mideast",8791894,1195.5,"Obama",2125101,1477568,14,4279600,4512294,94.8,2065214,23.5,3115326,35.4,2425361,27.6,1185993,13.5,39,3214360,51.1,23.3,13.3,6.6,4.8,2,25.2,10.1,5.5,3.22,2.68,179611,2,12702872.78,0.110829085464471,7.10390194862633,0.809835428822203,1.44483916434843,10625.5732162275,907348.055714286,8.08005868658828e-07,0.00594220154632065,0.507421567759024,0.0160304078480025,-0.507597890936391,0.261468053988127,-0.689060350311799,-0.316561333117284,-0.799671360743935,12702872.78,0.52844455739655,0.250639459335784,3.33649358315244,0.237292430933867,0.263674332511659,-0.859095140653765,0.214922418519005,-0.245004957406421,0.203119819964239,-0.393021787193855,0.319561325091984,0.340495971835114,0.323293954952857,0.0743633087387474,0.560202558593057,0.24363847167767,0.596806563077342,1.07898346861108,0.38631602939803,-0.309641922052666,-0.117523083044908,-1.2756166021524,-0.922562383606963,0.391013907012914,-1.24988324178479,0.854443418203135,0.846511975058671,0.203119819964239,-0.393021787193855,"New Mexico","472,422","346,832","5,327","2,428","1,597","1,552","","830,158",56.91,41.78,57,42,15.13,0.490954040812083,1,2,3,1
"Obama, Barack","NM","New Mexico","West","Southwest",2059179,17,"Obama",415335,335788,5,1017421,1041758,97.7,518672,25.2,719307,34.9,548945,26.7,272255,13.2,36.7,791395,45.3,17.9,14,7.8,6.2,3.4,28,9.3,6.5,3.13,2.55,31993,1.6,3762932.35,-0.367054371191915,6.5755264106436,-0.124653549171582,1.82739448586063,221348.961764706,752586.47,3.19327577187005e-06,0.386795671214329,1.31510528212872,0.34014973567455,0.71967328099034,0.0476850027300323,0.215979534376637,0.208047137390815,0.640640650672941,3762932.35,0.651928826138063,-0.585001573483458,-0.672048662619388,-0.581007557662218,-0.588830427514911,0.0135708710405476,-0.557357419746055,0.538830090827406,-0.573887794595104,-0.71631390246622,-0.60560372826017,-0.15097462902123,-0.615967127862368,-0.098024361519259,-0.413304998784212,-0.618887328245156,-1.22879200319234,-0.749644514499635,0.67544563630599,0.767067488721375,2.27994781107122,2.50359606978459,0.398820849884253,-0.215578009569857,-0.373073814948141,0.277694110916017,0.0648442320727391,-0.573887794595104,-0.71631390246622,"New York","4,769,700","2,742,298","41,086","19,513","614","12,729","8,873","7,594,813",62.8,36.11,63,36,26.69,1.01436609198961,1,4,8,1
"Obama, Barack","NV","Nevada","West","Far West",2700551,24.6,"Obama",531373,463567,6,1363616,1336935,102,665008,24.6,1019158,37.7,692026,25.6,324359,12,36.3,1006250,46,19.6,12.7,7,6.6,3.3,25.7,7.9,9.1,3.2,2.65,30187,1.1,2566735.24,-0.43099694600493,6.40938107329274,-0.418499451069696,0.950448719539087,104338.830894309,427789.206666667,2.37336050061367e-06,0.26054394606881,1.06823017888212,-0.402841032815947,0.0381961966012227,-0.40098027602893,-0.0951198600999194,0.0341410824313187,0.200397557739784,2566735.24,0.382520830869679,-0.505396724547874,-0.646198071980554,-0.4941664111304,-0.516322953870965,1.30752392286315,-0.484283204876782,0.262182426744879,-0.476648786793733,1.09412194305902,-0.5350577826923,-0.751660918956758,-0.562407727400743,-0.787575042551283,-0.582610660936783,-0.54240335891732,-1.00846114174599,-0.173965334631447,0.13849065204835,0.0492612148720148,2.96493949510439,2.23365230750337,-0.686601091912103,-1.27711386358971,1.90663069482713,0.726276905472664,0.666127111292686,-0.476648786793733,1.09412194305902,"North Carolina","2,142,651","2,128,474","","25,722","","","13,942","4,310,789",49.7,49.38,50,49,0.32,-0.179611052435249,1,4,1,1
"Obama, Barack","NY","New York","Northeast","Mideast",19378102,411.2,"Obama",4485741,2490431,29,9377147,10000955,93.8,4324929,22.3,7252871,37.4,5182359,26.7,2617943,13.5,38,7317755,43.6,18.7,14.9,7.5,5,2.1,29.1,10.5,7.3,3.2,2.57,390874,2,50518637.48,2.1322663078309,7.70345162884099,1.87020353378659,2.60699615886014,122856.608657588,1742021.98206897,3.97533856971183e-07,0.0187340749728623,0.265636263063482,1.00066589115822,0.14604532988236,1.41446178921067,-0.844805216595269,-0.298941104636548,-1.23083800721872,50518637.48,0.658646268928733,1.56456256268404,0.66878065709487,1.51598457258765,1.61191265324142,-1.16001445503111,1.34333169206291,-0.798300285571475,1.54488880033624,0.900146673895601,1.67889646280227,-0.15097462902123,1.79524204897681,0.0743633087387474,0.136938403211635,1.70436285472667,-1.76388123813345,-0.4787366651499,1.04718370233051,0.497890136027865,0.224972758971682,-1.00567283987119,0.917935691612945,0.6943098653043,0.328373726521174,0.726276905472664,0.185100807916728,1.54488880033624,0.900146673895601,"North Dakota","141,278","168,601","4,189","1,354","1,199","","","316,621",44.62,53.25,45,53,-8.63,-0.584847891365945,0,2,3,1
"Obama, Barack","OH","Ohio","Midwest","Great Lakes",11536504,282.3,"Obama",2827710,2661433,18,5632156,5904348,95.4,2730751,23.7,3989281,34.6,3194457,27.7,1622015,14.1,38.8,4603435,47.2,18.2,13.1,7.5,4.7,2.4,28.9,10.4,6.2,3.01,2.44,230429,2,8474216.01,-0.115213261247343,6.92809953008689,0.498909939998524,0.734556674188298,30018.4768331562,470789.778333333,6.00537175741186e-07,0.0245416207229433,0.384894418338161,-0.58575519107571,-0.394651949278212,-0.341580565342883,-0.76777992903195,-0.290941472400004,-1.01816942117996,8474216.01,0.411245393134729,0.591290851097655,0.230341034286225,0.576573800648884,0.60561939840754,-0.678543552027353,0.547264383185606,-0.152789069378912,0.486535640031697,-0.910289171629636,0.698763347390306,0.395103816374706,0.771495185339752,0.419138649254759,0.475549727516771,0.738120655913844,-0.630751093552267,-0.648054070993484,0.30370757028147,0.497890136027865,-0.288771004053201,-0.195841553027547,0.823551174935,0.618485875731454,-0.636116642999134,-0.491304965466805,-0.596566935069201,0.486535640031697,-0.910289171629636,"Ohio","2,933,388","2,674,491","42,288","19,888","12,550","8,513","7,142","5,698,260",51.48,46.94,51,47,4.54,0.0114615129600072,1,1,2,1
"Obama, Barack","OK","Oklahoma","South","Southwest",3751351,54.7,"Romney",443547,891325,7,1856977,1894374,98,929666,24.8,1348878,36,966093,25.8,506714,13.5,36.2,1460450,49.5,19.7,12.3,7,5,2.7,27.5,9.9,5.8,3.04,2.49,61912,1.7,2096464.8,-0.456135196666688,6.3214875749227,-0.573948557925954,0.558855942832329,38326.5959780622,299494.971428571,1.68512292635978e-06,0.115566500455625,0.903069653560386,-0.734617328767643,-0.346264747507631,-0.578202116587339,-0.356256955739458,-0.165558807575205,-0.0941269995845616,2096464.8,0.295249598540416,-0.374975104549633,-0.54381612747675,-0.370409468095161,-0.379393268967985,0.103846665353751,-0.352123821274168,0.354398314772388,-0.369723528407841,-0.00507124886701746,-0.399929319346717,-0.642445229877571,-0.374959077178502,0.0743633087387474,-0.624937076474923,-0.380717483007042,0.0931931654857072,-0.140101853462731,-0.0267262661847693,0.0492612148720148,0.224972758971682,0.613989733816093,0.162859558189393,0.239365927867222,-0.986840413733792,-0.299055196371098,-0.295925495459226,-0.369723528407841,-0.00507124886701746,"Oklahoma","502,496","960,165","","","","","","1,462,661",34.35,65.65,34,66,-31.3,-1.61129695712672,0,3,8,0
"Obama, Barack","OR","Oregon","West","Far West",3831074,39.9,"Obama",970488,754175,7,1896002,1935072,98,866453,22.6,1382447,36.1,1048641,27.4,533533,13.9,38.4,1518938,48.3,18.7,10.5,6.1,4.7,2.5,27.4,9.7,9.1,3,2.47,77872,2,7559660.03,-0.164100742819541,6.87850226502304,0.411191841394345,1.9732482405717,189465.163659148,1079951.43285714,1.79545011791029e-06,0.172393540476768,0.982643180717577,0.463724074546806,0.533979293550112,0.499897225237215,-0.314395651664627,-0.0872821239598988,0.047773480660667,7559660.03,0.723272805038314,-0.365080164683702,-0.594156751352375,-0.36062025755369,-0.369396185311869,0.103846665353751,-0.383689808758665,-0.659976453530211,-0.358837400788175,0.0595871741874563,-0.359229109572279,0.231280282755925,-0.347390952639496,0.304213535749422,0.306244065364203,-0.359896955683747,-0.28451688270802,-0.4787366651499,-0.770202398233809,-0.758270843208516,-0.288771004053201,0.0741022092536661,0.11566729985042,0.087717948721528,1.90663069482713,-0.555388221832039,-0.416182071303216,-0.358837400788175,0.0595871741874563,"Oregon","1,037,291","738,475","18,614","7,635","7,693","4,543","13,613","1,827,864",56.75,40.4,57,40,16.35,0.546193028912133,1,4,1,1
"Obama, Barack","PA","Pennsylvania","Northeast","Mideast",12702379,283.9,"Obama",2990274,2680434,20,6190363,6512016,95.1,2792155,22,4388169,34.5,3562748,28,1959307,15.4,40.1,5018904,48.2,18.3,12.2,6.5,4.6,2.2,28.6,11.4,6.5,3.02,2.45,305676,2.4,15030791.77,0.235267719308617,7.17698185831712,0.939085110553402,1.18330525092977,52943.9653751321,751539.5885,5.65010842324664e-07,0.0252799642772706,0.358849092915856,-0.205553743395865,-0.261131928630714,0.0462388717645043,-0.781259639925634,-0.289924437467691,-1.06461507110405,15030791.77,0.54396053913214,0.735995177530325,0.235783263894401,0.716597012659707,0.754887368114763,-0.768819346340561,0.577927030038279,-0.936624117612739,0.615891464570796,-0.97494759468411,0.880348860764801,0.558927349993487,1.11820862961471,1.16615188703945,1.02579312951262,0.886019090917294,-0.315992720057495,-0.614190589824767,-0.0680304957430498,-0.399367706283836,-0.460018925061497,-0.735729077589973,0.681974399918085,1.37672577145992,-0.373073814948141,-0.427221709101569,-0.536438647147205,0.615891464570796,-0.97494759468411,"Pennsylvania","3,276,363","2,655,885","42,977","19,912","","","","5,995,137",54.65,44.3,55,44,10.35,0.274525874321722,1,2,3,1
"Obama, Barack","RI","Rhode Island","Northeast","New England",1052567,1018.1,"Obama",279677,157204,4,508400,544167,93.4,223956,21.3,383791,36.5,292939,27.8,151881,14.4,39.4,413600,44.5,17.6,13.5,7.7,4.8,2.2,29.6,11.3,7.6,3.04,2.44,26750,2.5,1514859.58,-0.487224834804578,6.18037237775086,-0.823525964344058,1.43920489622038,1487.92808172085,378714.895,5.87171398851652e-06,0.0060704963930369,1.54509309443772,0.0112567840195865,-0.560816323546668,-0.468770070492908,1.23225589432875,-0.316384612754546,1.05076927237809,1514859.58,0.681266470609534,-0.709938733504081,2.73308637534597,-0.708692727144079,-0.71105901008728,-1.28038218078205,-0.704526539507514,-1.25937972570902,-0.682692644141995,0.318220866405347,-0.731827233414928,0.4497116609143,-0.73970348728137,0.591526319512766,0.729508220745625,-0.75337459264305,-1.48059870198815,-0.851234958005785,0.46892448851459,0.677341704490206,-0.117523083044908,-0.735729077589973,1.1538969833078,1.30090178188707,0.591416554572167,-0.299055196371098,-0.596566935069201,-0.682692644141995,0.318220866405347,"Rhode Island","296,571","165,391","4,829","1,382","675","797","122","469,767",63.13,35.21,63,35,27.92,1.07005785868064,1,2,4,1
"Obama, Barack","SC","South Carolina","South","Southeast",4625364,153.9,"Romney",865941,1071645,9,2250101,2375263,94.7,1080474,23.4,1669793,36.1,1243223,26.9,631874,13.7,37.9,1801181,47.2,17.7,15.6,8.4,4.7,2.2,26.5,9.2,5.9,3.01,2.49,70717,1.5,2727531.91,-0.422401579058124,6.43576984019745,-0.37182807807342,0.589690218975199,17722.7544509422,303059.101111111,1.3914082956925e-06,0.0418178677075857,0.715085537799716,-0.708493042173118,-0.466263295895457,-0.57327873385579,-0.467700719446263,-0.267144221676166,-0.429352007924573,2727531.91,0.408701960557304,-0.266495668539428,-0.206397891769865,-0.271796435298111,-0.261267376729893,-0.889187072091498,-0.276816472460442,-0.291112901420176,-0.265653653074502,0.0595871741874563,-0.263290646879907,-0.041758939942043,-0.246303032310986,0.189288422244084,0.0946119876734925,-0.25942424173715,-0.630751093552267,-0.817371476837068,1.33631330923847,1.3054221941084,-0.288771004053201,-0.735729077589973,-0.309063025200327,-0.291401999142704,-0.899159471050127,-0.491304965466805,-0.295925495459226,-0.265653653074502,0.0595871741874563,"South Carolina","862,449","1,034,896","5,053","7,283","6,827","4,461","","1,920,969",44.9,53.87,45,54,-8.97,-0.600242363459402,0,3,7,0
"Obama, Barack","SD","South Dakota","Midwest","Plains",814180,10.7,"Romney",145039,210610,3,407381,406799,100.1,202797,24.9,280080,34.4,214722,26.4,116581,14.3,36.9,322282,50.1,19.7,9.7,6.2,4.4,2.6,29.4,10.9,6.4,3,2.42,19226,2.4,405899.37,-0.546504171462216,5.6084183772455,-1.83508814118573,0.498537632955857,37934.5205607477,135299.79,6.88842562731276e-06,0.52415125020986,1.86947279241517,-0.785721911434315,-0.348548228521323,-0.805016456371119,1.61802548086432,0.397248250027161,1.62922339612046,405899.37,0.32089272193385,-0.739526493997534,-0.693477441701579,-0.734032797859999,-0.744802176524779,0.735777225546182,-0.715092478937449,0.400506258786142,-0.716325197437091,-1.03960601773858,-0.77039204792197,-0.314798162640011,-0.775989508245123,0.534063762760097,-0.328652167707929,-0.785881926012435,0.282048189582571,-0.140101853462731,-1.10063623470005,-0.668545058977346,-0.802514767078084,0.34404597153488,1.05951246662986,0.997605823595687,-0.460754757631805,-0.555388221832039,-0.716823510913191,-0.716325197437091,-1.03960601773858,"South Dakota","170,924","203,054","4,267","1,835","1,895","","","381,975",44.75,53.16,45,53,-8.41,-0.574886762364297,0,1,5,0
"Obama, Barack","TN","Tennessee","South","Southeast",6346105,153.9,"Romney",960709,1462330,11,3093504,3252601,95.1,1496001,23.6,2284491,36,1712151,27,853462,13.4,38,2493552,48.7,18.7,13.9,7.5,4.8,2.3,26.9,9.4,5.7,3.01,2.48,99917,1.6,4687195.54,-0.317647991859087,6.67091307175609,0.0440480220585546,0.738594073057411,30456.1113710201,426108.685454545,1.05118227192208e-06,0.0433457639490324,0.606446642886918,-0.582334511937196,-0.39210312802083,-0.403301698045724,-0.59679224108356,-0.265039613541654,-0.623083666079981,4687195.54,0.392376303001641,-0.0529233152682117,-0.206397891769865,-0.0602333465522436,-0.045757489740624,-0.768819346340561,-0.0693192791383297,-0.198897013392666,-0.0663125682774284,-0.00507124886701746,-0.0320861601678356,0.0128489045975514,-0.0185255021887191,0.016900751986079,0.136938403211635,-0.012954379143853,-0.158613533310109,-0.4787366651499,0.63414140674771,0.497890136027865,-0.117523083044908,-0.465785315308761,-0.12029399184444,-0.139754019997011,-1.07452135641746,-0.491304965466805,-0.356053783381222,-0.0663125682774284,-0.00507124886701746,"Tennessee","1,087,437","1,479,178","11,560","8,547","8,191","2,499","2,337","2,599,749",41.83,56.9,42,57,-15.07,-0.876437303959653,0,3,7,0
"Obama, Barack","TX","Texas","South","Southwest",25145561,96.3,"Romney",3308124,4569843,38,12472280,12673281,98.4,6865824,27.3,9644824,38.4,6033027,24,2601886,10.3,33.6,8922933,50.6,23.7,14.1,8,5.2,2.5,24.2,7.2,5.9,3.31,2.75,305179,1.2,24240276.86,0.727559653834924,7.38453757581123,1.30616972438383,0.963998252415208,251716.270612669,637902.022631579,2.93671617658927e-07,0.0766826331859941,0.194329936205559,-0.391361214757706,0.896535104325752,-0.110736681676412,-0.884213532175866,-0.21911958031424,-1.35799589988916,24240276.86,0.379309109248858,2.28039939752743,-0.402318157664186,2.29238197401883,2.26834458056987,0.224214391104692,2.61215076044159,1.50709691511625,2.32057784732128,1.54673090444033,2.09831747904012,-1.62538643159026,1.77873653513503,-1.76443850734665,-1.72542388046662,2.27577327067099,0.439427376329957,1.21443739328594,0.716749865864269,0.946519057183716,0.567468600988271,0.0741022092536661,-1.39448496699668,-1.80788179059963,-0.899159471050127,1.43119272549025,1.26740999051263,2.32057784732128,1.54673090444033,"Texas","3,528,633","4,479,328","5,214","56,116","5,052","671","2,781","8,077,795",43.68,55.45,44,55,-11.77,-0.727020368934927,0,3,8,0
"Obama, Barack","UT","Utah","West","Rocky Mountain",2763885,33.6,"Romney",251813,740600,6,1388317,1375568,100.9,871027,31.5,1096191,39.7,547205,19.8,249462,9,29.2,877692,61,31.7,9.7,5.5,4.4,2.2,18.7,6.4,6.1,3.56,3.1,30991,1.1,1983292.55,-0.462184805884003,6.29738678050869,-0.616573405447805,0.71757419357173,59026.5639880952,330548.758333333,2.27845470434142e-06,0.187422225610378,1.04956446341811,-0.600143568109682,-0.225706350200563,-0.535305339024754,-0.131129844042978,-0.0665807882767464,0.167111688895096,1983292.55,0.176897122130514,-0.49753593002849,-0.615585530434566,-0.487970298649045,-0.506833118181577,0.976512677048064,-0.381405740184889,3.44363056369394,-0.451667671213118,2.38729040414848,-0.606461633539613,-3.91891590225318,-0.639396795732816,-2.51145174513134,-3.58778616414488,-0.588167367801674,3.71291446067558,3.9235158867833,-1.10063623470005,-1.29662554859554,-0.802514767078084,-0.735729077589973,-3.99005917564014,-2.4144737071824,-0.723797585682799,3.03327413462113,3.37190006778245,-0.451667671213118,2.38729040414848,"Utah","327,670","596,030","8,416","6,966","12,012","982","294","952,370",34.41,62.58,34,63,-28.17,-1.46957725814872,0,4,6,0
"Obama, Barack","VA","Virginia","South","Southeast",8001024,202.6,"Obama",1971820,1822522,13,3925983,4075041,96.3,1853677,23.2,3001446,37.5,2168964,27.1,976937,12.2,37.5,3056058,50.2,21.1,12.4,6.7,4.4,2,26,8.5,7,3.06,2.54,122403,1.5,16835832.72,0.331755969464924,7.22623460196896,1.02619388597915,2.10420975115185,83098.878183613,1295064.05538462,9.03163720289923e-07,0.0356674955674677,0.555864200151459,0.574680985595902,-0.085507118130389,0.797047403660392,-0.652954729328839,-0.275616081796793,-0.713285435092425,16835832.72,0.520043366092256,0.152479441627363,-0.0407500280710206,0.148589515775814,0.156267216194209,-0.407716169087742,0.10928949025254,-0.383328789447685,0.166189550569039,0.964805096950075,0.193145037773856,0.0674567491371457,0.108398476239025,-0.672649929045946,-0.0746936744790757,0.187286209395969,0.313524026932048,0.333986882899306,0.0145779633735105,-0.219916137821495,-0.802514767078084,-1.2756166021524,-0.545024316895187,-0.822169926152629,0.0653308984701811,-0.170888683640628,0.00471594415074573,0.166189550569039,0.964805096950075,"Vermont","219,262","98,974","3,339","1,067","500","","1,904","325,046",67.46,30.45,67,30,37.01,1.48163359788512,1,3,7,1
"Obama, Barack","VT","Vermont","Northeast","New England",625741,67.9,"Obama",199239,92698,3,308206,317535,97.1,129233,20.7,212854,34,192576,30.8,91078,14.6,41.5,256442,48.5,17.6,9.6,6,4.4,2.6,28.2,10.3,9.3,2.85,2.34,12797,2,2415058.86,-0.43910478893018,6.38292771987498,-0.465285052262066,3.85951833106669,35567.8771723122,805019.62,1.02005905316656e-05,0.0940048265077317,2.12764257329166,2.06186311340231,-0.362331763537843,0.120114596561977,2.87475594103948,-0.195259040584133,2.08960786316577,2415058.86,0.884665231658634,-0.762914883463511,-0.498917733209302,-0.758910311132268,-0.766729044564474,-0.166980717585864,-0.751827332580047,-1.53602738979155,-0.738125990292393,-1.29823970995647,-0.781311111323442,2.08794699710211,-0.802204873475678,0.706451433018103,1.61836294704661,-0.809319614409469,-0.221565208009065,-0.851234958005785,-1.14194046425833,-0.847996627439686,-0.802514767078084,0.34404597153488,0.493205366562196,0.542661886158608,2.08199258019446,-1.51663706731057,-1.19784981428915,-0.738125990292393,-1.29823970995647,"Virginia","1,959,532","1,725,005","11,483","11,067","7,474","2,344","6,355","3,723,260",52.63,46.33,53,46,6.3,0.0911505449731947,1,2,4,1
"Obama, Barack","WA","Washington","West","Far West",6724540,101.2,"Obama",1755396,1290670,12,3349707,3374833,99.3,1581354,23.5,2492139,37.1,1823370,27.1,827677,12.3,37.3,2620076,49.2,20.4,10.5,6.2,4.7,2.5,27.2,8.7,8.4,3.06,2.51,117271,1.7,16692969.58,0.324119237239855,7.22253360195715,1.01964826932969,2.48239575941254,164950.29229249,1391080.79833333,1.07405615877921e-06,0.0713689091102485,0.601877800163096,0.895098420403307,0.391202570382197,0.929682076435953,-0.58811323167851,-0.226438995475427,-0.631231111591533,16692969.58,0.708011730199229,-0.00595328694309318,-0.385651329489148,0.00403379267533484,-0.0157323403609409,0.495041774044304,-0.0266974809359933,-0.245004957406421,0.00102582809923572,0.706171404732185,0.0227502578059896,0.0674567491371457,-0.0450307444139419,-0.615187372293276,-0.159346505555361,0.0320855674956716,-0.00123434656272347,0.0969425147182872,-0.770202398233809,-0.668545058977346,-0.288771004053201,0.0741022092536661,0.0212827831724766,-0.670521947006937,1.29286409604148,-0.170888683640628,-0.17566891961524,0.00102582809923572,0.706171404732185,"Washington","1,750,848","1,229,216","29,489","12,728","9,432","3,819","1,346","3,036,878",57.65,40.48,58,40,17.17,0.583320873372823,1,4,1,1
"Obama, Barack","WI","Wisconsin","Midwest","Great Lakes",5686986,105,"Obama",1620985,1407966,10,2822400,2864586,98.5,1339492,23.6,1996616,35.1,1573564,27.7,777314,13.7,38.5,2279768,49.6,19.4,10.3,6.4,4.5,2.5,28.2,10.2,7.4,2.99,2.43,118505,2.1,5131548.27,-0.293895169315157,6.71024841845872,0.113616814133047,0.902331792270985,48871.8882857143,513154.827,1.17993053235206e-06,0.0639071277948449,0.671024841845872,-0.44360801538351,-0.284848056470771,-0.283058747225962,-0.54794145458912,-0.236717262564741,-0.507923791018198,5131548.27,0.513338174969277,-0.134730859759667,-0.372726034169731,-0.128238321174529,-0.141069751149729,0.254306322542426,-0.147473474243944,-0.198897013392666,-0.159667865978019,-0.586997056357272,-0.100416343479487,0.395103816374706,-0.0968005142099044,0.189288422244084,0.348570480902346,-0.0890570944578181,0.124669002835185,-0.241692296968882,-0.852810857350368,-0.489093490515006,-0.631266846069791,0.0741022092536661,0.493205366562196,0.46683789658576,0.416054669204839,-0.619471478197273,-0.656695222991195,-0.159667865978019,-0.586997056357272,"West Virginia","303,857","397,466","7,219","","2,465","2,355","89","713,451",42.59,55.71,43,56,-13.12,-0.788145478717769,0,1,2,1
"Obama, Barack","WV","West Virginia","South","Southeast",1852994,77.1,"Romney",238269,417655,5,913586,939408,97.3,387418,20.9,627191,33.8,540981,29.2,297404,16,41.3,763831,49.8,17,11.2,5.7,4.8,2.3,28.4,11.6,5.8,2.88,2.36,35921,1.9,891239.85,-0.520560353597462,5.94999459686936,-1.23097385231852,0.480972874170127,11559.5311284047,178247.97,3.2110166556769e-06,0.0771724331630267,1.18999891937387,-0.800603622629868,-0.502158439581212,-0.745689117975061,0.222710935050919,-0.218444902945461,0.417543176036964,891239.85,0.450834000549961,-0.610592534388804,-0.467624912962292,-0.607054006773648,-0.613971749255621,-0.106796854710394,-0.622900300503023,-1.44381150176404,-0.60376019269493,-1.42755655606542,-0.609530370585164,1.21422148446861,-0.590115650774056,1.51092722755546,1.53371011597033,-0.628699546394849,0.187620677534138,-1.05441584501809,-0.481072791325849,-1.1171739801332,-0.117523083044908,-0.465785315308761,0.58758988324014,1.52837375060561,-0.986840413733792,-1.32438729821486,-1.07759323844516,-0.60376019269493,-1.42755655606542,"Wisconsin","1,677,211","1,262,393","17,605","8,858","5,072","4,216","8,062","2,983,417",56.22,42.31,56,42,13.91,0.435715052712033,1,3,7,0
"Obama, Barack","WY","Wyoming","West","Rocky Mountain",563626,5.8,"Romney",69286,170962,3,287437,276189,104.1,135402,24,201044,35.7,157090,27.9,70090,12.4,36.8,226879,50.9,19.6,8.9,5.6,4.8,2.8,28,8.8,7.4,2.96,2.42,8602,1.5,756266.37,-0.527775344981844,5.87867478841917,-1.35711060566592,1.34178758609432,130390.753448276,252088.79,1.04300986619126e-05,1.01356461869296,1.95955826280639,-0.0712798617965451,0.189924838324331,-0.643687605557483,2.961837915056,1.07139308297288,1.78986942964841,756266.37,0.340985613802593,-0.770624379967309,-0.710144269876617,-0.764120102643755,-0.776885303369471,1.93945448305558,-0.748746786224205,-0.0144652373376484,-0.741955868072137,-0.199046518030434,-0.798807448533983,0.504319505453893,-0.82377912299373,-0.557724815540608,-0.370978583246072,-0.819843435522493,0.533854888378387,-0.173965334631447,-1.43107007116629,-1.20689976436437,-0.117523083044908,0.883933496097306,0.398820849884253,-0.594697957434089,0.416054669204839,-0.81172124729298,-0.716823510913191,-0.741955868072137,-0.199046518030434,"Wyoming","82,868","164,958","2,525","1,594","1,192","","1,521","254,658",32.54,64.78,33,65,-32.24,-1.65385814467921,0,4,6,0
